test,user,02179-000,testuser-food-15861762503@test.com,123,(11) 11111-1111,15861762503,FEMALE,APARTAMENTO
test,user,02179-000,testuser-food-78113482172@test.com,123,(11) 11111-1111,78113482172,FEMALE,APARTAMENTO
test,user,02179-000,testuser-food-36510407124@test.com,123,(11) 11111-1111,36510407124,FEMALE,APARTAMENTO
test,user,02179-000,testuser-food-15060421716@test.com,123,(11) 11111-1111,15060421716,FEMALE,APARTAMENTO
test,user,02179-000,testuser-food-62256437884@test.com,123,(11) 11111-1111,62256437884,FEMALE,APARTAMENTO
test,user,02179-000,testuser-food-43834262633@test.com,123,(11) 11111-1111,43834262633,FEMALE,APARTAMENTO
test,user,02179-000,testuser-food-12375283309@test.com,123,(11) 11111-1111,12375283309,FEMALE,APARTAMENTO
test,user,02179-000,testuser-food-74780511461@test.com,123,(11) 11111-1111,74780511461,FEMALE,APARTAMENTO
test,user,02179-000,testuser-food-55358235205@test.com,123,(11) 11111-1111,55358235205,FEMALE,APARTAMENTO
test,user,02179-000,testuser-food-20600055744@test.com,123,(11) 11111-1111,20600055744,FEMALE,APARTAMENTO
test,user,02179-000,testuser-food-70087561786@test.com,123,(11) 11111-1111,70087561786,FEMALE,APARTAMENTO
test,user,02179-000,testuser-food-43230372360@test.com,123,(11) 11111-1111,43230372360,FEMALE,APARTAMENTO
test,user,02179-000,testuser-food-88318676360@test.com,123,(11) 11111-1111,88318676360,FEMALE,APARTAMENTO
test,user,02179-000,testuser-food-48533684690@test.com,123,(11) 11111-1111,48533684690,FEMALE,APARTAMENTO
test,user,02179-000,testuser-food-04522888600@test.com,123,(11) 11111-1111,4522888600,FEMALE,APARTAMENTO
test,user,02179-000,testuser-food-68712103500@test.com,123,(11) 11111-1111,68712103500,FEMALE,APARTAMENTO
test,user,02179-000,testuser-food-21836202008@test.com,123,(11) 11111-1111,21836202008,FEMALE,APARTAMENTO
test,user,02179-000,testuser-food-65015506023@test.com,123,(11) 11111-1111,65015506023,FEMALE,APARTAMENTO
test,user,02179-000,testuser-food-31284711005@test.com,123,(11) 11111-1111,31284711005,FEMALE,APARTAMENTO
test,user,02179-000,testuser-food-84363014806@test.com,123,(11) 11111-1111,84363014806,FEMALE,APARTAMENTO
test,user,02179-000,testuser-food-46408114385@test.com,123,(11) 11111-1111,46408114385,FEMALE,APARTAMENTO
test,user,02179-000,testuser-food-81577327276@test.com,123,(11) 11111-1111,81577327276,FEMALE,APARTAMENTO
test,user,02179-000,testuser-food-56656532250@test.com,123,(11) 11111-1111,56656532250,FEMALE,APARTAMENTO
test,user,02179-000,testuser-food-08772620633@test.com,123,(11) 11111-1111,8772620633,FEMALE,APARTAMENTO
test,user,02179-000,testuser-food-62060834546@test.com,123,(11) 11111-1111,62060834546,FEMALE,APARTAMENTO
test,user,02179-000,testuser-food-26140148502@test.com,123,(11) 11111-1111,26140148502,FEMALE,APARTAMENTO
test,user,02179-000,testuser-food-78274237013@test.com,123,(11) 11111-1111,78274237013,FEMALE,APARTAMENTO
test,user,02179-000,testuser-food-34353542087@test.com,123,(11) 11111-1111,34353542087,FEMALE,APARTAMENTO
test,user,02179-000,testuser-food-88543745802@test.com,123,(11) 11111-1111,88543745802,FEMALE,APARTAMENTO
test,user,02179-000,testuser-food-40666745340@test.com,123,(11) 11111-1111,40666745340,FEMALE,APARTAMENTO
test,user,02179-000,testuser-food-04646058227@test.com,123,(11) 11111-1111,4646058227,FEMALE,APARTAMENTO
test,user,02179-000,testuser-food-50835353273@test.com,123,(11) 11111-1111,50835353273,FEMALE,APARTAMENTO
test,user,02179-000,testuser-food-12050451636@test.com,123,(11) 11111-1111,12050451636,FEMALE,APARTAMENTO
test,user,02179-000,testuser-food-66138665635@test.com,123,(11) 11111-1111,66138665635,FEMALE,APARTAMENTO
test,user,02179-000,testuser-food-20317860593@test.com,123,(11) 11111-1111,20317860593,FEMALE,APARTAMENTO
test,user,02179-000,testuser-food-75487274533@test.com,123,(11) 11111-1111,75487274533,FEMALE,APARTAMENTO
test,user,02179-000,testuser-food-37532273822@test.com,123,(11) 11111-1111,37532273822,FEMALE,APARTAMENTO
test,user,02179-000,testuser-food-82701477883@test.com,123,(11) 11111-1111,82701477883,FEMALE,APARTAMENTO
test,user,02179-000,testuser-food-46780681717@test.com,123,(11) 11111-1111,46780681717,FEMALE,APARTAMENTO
test,user,02179-000,testuser-food-07815781241@test.com,123,(11) 11111-1111,7815781241,FEMALE,APARTAMENTO
test,user,02179-000,testuser-food-53183084228@test.com,123,(11) 11111-1111,53183084228,FEMALE,APARTAMENTO
test,user,02179-000,testuser-food-17273308200@test.com,123,(11) 11111-1111,17273308200,FEMALE,APARTAMENTO
test,user,02179-000,testuser-food-60308406575@test.com,123,(11) 11111-1111,60308406575,FEMALE,APARTAMENTO
test,user,02179-000,testuser-food-24576601571@test.com,123,(11) 11111-1111,24576601571,FEMALE,APARTAMENTO
test,user,02179-000,testuser-food-88666815477@test.com,123,(11) 11111-1111,88666815477,FEMALE,APARTAMENTO
test,user,02179-000,testuser-food-40780824830@test.com,123,(11) 11111-1111,40780824830,FEMALE,APARTAMENTO
test,user,02179-000,testuser-food-85860218737@test.com,123,(11) 11111-1111,85860218737,FEMALE,APARTAMENTO
test,user,02179-000,testuser-food-40058422757@test.com,123,(11) 11111-1111,40058422757,FEMALE,APARTAMENTO
test,user,02179-000,testuser-food-14237636704@test.com,123,(11) 11111-1111,14237636704,FEMALE,APARTAMENTO
test,user,02179-000,testuser-food-65263725205@test.com,123,(11) 11111-1111,65263725205,FEMALE,APARTAMENTO
test,user,02179-000,testuser-food-11431030171@test.com,123,(11) 11111-1111,11431030171,FEMALE,APARTAMENTO
test,user,02179-000,testuser-food-65521344101@test.com,123,(11) 11111-1111,65521344101,FEMALE,APARTAMENTO
test,user,02179-000,testuser-food-27645442433@test.com,123,(11) 11111-1111,27645442433,FEMALE,APARTAMENTO
test,user,02179-000,testuser-food-82824546484@test.com,123,(11) 11111-1111,82824546484,FEMALE,APARTAMENTO
test,user,02179-000,testuser-food-36814752379@test.com,123,(11) 11111-1111,36814752379,FEMALE,APARTAMENTO
test,user,02179-000,testuser-food-88038850807@test.com,123,(11) 11111-1111,88038850807,FEMALE,APARTAMENTO
test,user,02179-000,testuser-food-43217254708@test.com,123,(11) 11111-1111,43217254708,FEMALE,APARTAMENTO
test,user,02179-000,testuser-food-17306467786@test.com,123,(11) 11111-1111,17306467786,FEMALE,APARTAMENTO
test,user,02179-000,testuser-food-60422567183@test.com,123,(11) 11111-1111,60422567183,FEMALE,APARTAMENTO
test,user,02179-000,testuser-food-17655076693@test.com,123,(11) 11111-1111,17655076693,FEMALE,APARTAMENTO
test,user,02179-000,testuser-food-76115008212@test.com,123,(11) 11111-1111,76115008212,FEMALE,APARTAMENTO
test,user,02179-000,testuser-food-46465110881@test.com,123,(11) 11111-1111,46465110881,FEMALE,APARTAMENTO
test,user,02179-000,testuser-food-24078640184@test.com,123,(11) 11111-1111,24078640184,FEMALE,APARTAMENTO
test,user,02179-000,testuser-food-81476565210@test.com,123,(11) 11111-1111,81476565210,FEMALE,APARTAMENTO
test,user,02179-000,testuser-food-51736677888@test.com,123,(11) 11111-1111,51736677888,FEMALE,APARTAMENTO
test,user,02179-000,testuser-food-13177488401@test.com,123,(11) 11111-1111,13177488401,FEMALE,APARTAMENTO
test,user,02179-000,testuser-food-88537811149@test.com,123,(11) 11111-1111,88537811149,FEMALE,APARTAMENTO
test,user,02179-000,testuser-food-42870533624@test.com,123,(11) 11111-1111,42870533624,FEMALE,APARTAMENTO
test,user,02179-000,testuser-food-10113042280@test.com,123,(11) 11111-1111,10113042280,FEMALE,APARTAMENTO
test,user,02179-000,testuser-food-70463154770@test.com,123,(11) 11111-1111,70463154770,FEMALE,APARTAMENTO
test,user,02179-000,testuser-food-48014176391@test.com,123,(11) 11111-1111,48014176391,FEMALE,APARTAMENTO
test,user,02179-000,testuser-food-02256087077@test.com,123,(11) 11111-1111,2256087077,FEMALE,APARTAMENTO
test,user,02179-000,testuser-food-66508607510@test.com,123,(11) 11111-1111,66508607510,FEMALE,APARTAMENTO
test,user,02179-000,testuser-food-13352888302@test.com,123,(11) 11111-1111,13352888302,FEMALE,APARTAMENTO
test,user,02179-000,testuser-food-62712011805@test.com,123,(11) 11111-1111,62712011805,FEMALE,APARTAMENTO
test,user,02179-000,testuser-food-48217827079@test.com,123,(11) 11111-1111,48217827079,FEMALE,APARTAMENTO
test,user,02179-000,testuser-food-05404843187@test.com,123,(11) 11111-1111,5404843187,FEMALE,APARTAMENTO
test,user,02179-000,testuser-food-67000161264@test.com,123,(11) 11111-1111,67000161264,FEMALE,APARTAMENTO
test,user,02179-000,testuser-food-37207677367@test.com,123,(11) 11111-1111,37207677367,FEMALE,APARTAMENTO
test,user,02179-000,testuser-food-83376881227@test.com,123,(11) 11111-1111,83376881227,FEMALE,APARTAMENTO
test,user,02179-000,testuser-food-56555185201@test.com,123,(11) 11111-1111,56555185201,FEMALE,APARTAMENTO
test,user,02179-000,testuser-food-08680283550@test.com,123,(11) 11111-1111,8680283550,FEMALE,APARTAMENTO
test,user,02179-000,testuser-food-53678508553@test.com,123,(11) 11111-1111,53678508553,FEMALE,APARTAMENTO
test,user,02179-000,testuser-food-18848703500@test.com,123,(11) 11111-1111,18848703500,FEMALE,APARTAMENTO
test,user,02179-000,testuser-food-61072801035@test.com,123,(11) 11111-1111,61072801035,FEMALE,APARTAMENTO
test,user,02179-000,testuser-food-34152115840@test.com,123,(11) 11111-1111,34152115840,FEMALE,APARTAMENTO
test,user,02179-000,testuser-food-78331418875@test.com,123,(11) 11111-1111,78331418875,FEMALE,APARTAMENTO
test,user,02179-000,testuser-food-31355418275@test.com,123,(11) 11111-1111,31355418275,FEMALE,APARTAMENTO
test,user,02179-000,testuser-food-86545622269@test.com,123,(11) 11111-1111,86545622269,FEMALE,APARTAMENTO
test,user,02179-000,testuser-food-51723836117@test.com,123,(11) 11111-1111,51723836117,FEMALE,APARTAMENTO
test,user,02179-000,testuser-food-02748024575@test.com,123,(11) 11111-1111,2748024575,FEMALE,APARTAMENTO
test,user,02179-000,testuser-food-48675623003@test.com,123,(11) 11111-1111,48675623003,FEMALE,APARTAMENTO
test,user,02179-000,testuser-food-01800731337@test.com,123,(11) 11111-1111,1800731337,FEMALE,APARTAMENTO
test,user,02179-000,testuser-food-64078125344@test.com,123,(11) 11111-1111,64078125344,FEMALE,APARTAMENTO
test,user,02179-000,testuser-food-28167330257@test.com,123,(11) 11111-1111,28167330257,FEMALE,APARTAMENTO
test,user,02179-000,testuser-food-71282438603@test.com,123,(11) 11111-1111,71282438603,FEMALE,APARTAMENTO
test,user,02179-000,testuser-food-26462643560@test.com,123,(11) 11111-1111,26462643560,FEMALE,APARTAMENTO
test,user,02179-000,testuser-food-81551847655@test.com,123,(11) 11111-1111,81551847655,FEMALE,APARTAMENTO
test,user,02179-000,testuser-food-44720241522@test.com,123,(11) 11111-1111,44720241522,FEMALE,APARTAMENTO
test,user,02179-000,testuser-food-06855250076@test.com,123,(11) 11111-1111,6855250076,FEMALE,APARTAMENTO
test,user,02179-000,testuser-food-52833454830@test.com,123,(11) 11111-1111,52833454830,FEMALE,APARTAMENTO
test,user,02179-000,testuser-food-16123658840@test.com,123,(11) 11111-1111,16123658840,FEMALE,APARTAMENTO
test,user,02179-000,testuser-food-68247766299@test.com,123,(11) 11111-1111,68247766299,FEMALE,APARTAMENTO
test,user,02179-000,testuser-food-22326171225@test.com,123,(11) 11111-1111,22326171225,FEMALE,APARTAMENTO
test,user,02179-000,testuser-food-77516365130@test.com,123,(11) 11111-1111,77516365130,FEMALE,APARTAMENTO
test,user,02179-000,testuser-food-38530474678@test.com,123,(11) 11111-1111,38530474678,FEMALE,APARTAMENTO
test,user,02179-000,testuser-food-84710688508@test.com,123,(11) 11111-1111,84710688508,FEMALE,APARTAMENTO
test,user,02179-000,testuser-food-48008872594@test.com,123,(11) 11111-1111,48008872594,FEMALE,APARTAMENTO
test,user,02179-000,testuser-food-00023081856@test.com,123,(11) 11111-1111,23081856,FEMALE,APARTAMENTO
test,user,02179-000,testuser-food-54102205870@test.com,123,(11) 11111-1111,54102205870,FEMALE,APARTAMENTO
test,user,02179-000,testuser-food-10281400709@test.com,123,(11) 11111-1111,10281400709,FEMALE,APARTAMENTO
test,user,02179-000,testuser-food-64461604705@test.com,123,(11) 11111-1111,64461604705,FEMALE,APARTAMENTO
test,user,02179-000,testuser-food-26505712259@test.com,123,(11) 11111-1111,26505712259,FEMALE,APARTAMENTO
test,user,02179-000,testuser-food-85846825702@test.com,123,(11) 11111-1111,85846825702,FEMALE,APARTAMENTO
test,user,02179-000,testuser-food-55386046403@test.com,123,(11) 11111-1111,55386046403,FEMALE,APARTAMENTO
test,user,02179-000,testuser-food-15684551432@test.com,123,(11) 11111-1111,15684551432,FEMALE,APARTAMENTO
test,user,02179-000,testuser-food-72070467589@test.com,123,(11) 11111-1111,72070467589,FEMALE,APARTAMENTO
test,user,02179-000,testuser-food-46440801368@test.com,123,(11) 11111-1111,46440801368,FEMALE,APARTAMENTO
test,user,02179-000,testuser-food-08564000687@test.com,123,(11) 11111-1111,8564000687,FEMALE,APARTAMENTO
test,user,02179-000,testuser-food-77187528019@test.com,123,(11) 11111-1111,77187528019,FEMALE,APARTAMENTO
test,user,02179-000,testuser-food-46548641566@test.com,123,(11) 11111-1111,46548641566,FEMALE,APARTAMENTO
test,user,02179-000,testuser-food-11871461103@test.com,123,(11) 11111-1111,11871461103,FEMALE,APARTAMENTO
test,user,02179-000,testuser-food-62385678217@test.com,123,(11) 11111-1111,62385678217,FEMALE,APARTAMENTO
test,user,02179-000,testuser-food-44681816485@test.com,123,(11) 11111-1111,44681816485,FEMALE,APARTAMENTO
test,user,02179-000,testuser-food-17205124697@test.com,123,(11) 11111-1111,17205124697,FEMALE,APARTAMENTO
test,user,02179-000,testuser-food-75438534187@test.com,123,(11) 11111-1111,75438534187,FEMALE,APARTAMENTO
test,user,02179-000,testuser-food-40807067741@test.com,123,(11) 11111-1111,40807067741,FEMALE,APARTAMENTO
test,user,02179-000,testuser-food-16384873834@test.com,123,(11) 11111-1111,16384873834,FEMALE,APARTAMENTO
test,user,02179-000,testuser-food-58255565752@test.com,123,(11) 11111-1111,58255565752,FEMALE,APARTAMENTO
test,user,02179-000,testuser-food-20443181721@test.com,123,(11) 11111-1111,20443181721,FEMALE,APARTAMENTO
test,user,02179-000,testuser-food-76741087753@test.com,123,(11) 11111-1111,76741087753,FEMALE,APARTAMENTO
test,user,02179-000,testuser-food-37864005390@test.com,123,(11) 11111-1111,37864005390,FEMALE,APARTAMENTO
test,user,02179-000,testuser-food-02216717819@test.com,123,(11) 11111-1111,2216717819,FEMALE,APARTAMENTO
test,user,02179-000,testuser-food-63612034847@test.com,123,(11) 11111-1111,63612034847,FEMALE,APARTAMENTO
test,user,02179-000,testuser-food-25746133337@test.com,123,(11) 11111-1111,25746133337,FEMALE,APARTAMENTO
test,user,02179-000,testuser-food-60825446333@test.com,123,(11) 11111-1111,60825446333,FEMALE,APARTAMENTO
test,user,02179-000,testuser-food-35104641333@test.com,123,(11) 11111-1111,35104641333,FEMALE,APARTAMENTO
test,user,02179-000,testuser-food-86230641607@test.com,123,(11) 11111-1111,86230641607,FEMALE,APARTAMENTO
test,user,02179-000,testuser-food-41318854687@test.com,123,(11) 11111-1111,41318854687,FEMALE,APARTAMENTO
test,user,02179-000,testuser-food-85407258510@test.com,123,(11) 11111-1111,85407258510,FEMALE,APARTAMENTO
test,user,02179-000,testuser-food-47623366025@test.com,123,(11) 11111-1111,47623366025,FEMALE,APARTAMENTO
test,user,02179-000,testuser-food-13601562839@test.com,123,(11) 11111-1111,13601562839,FEMALE,APARTAMENTO
test,user,02179-000,testuser-food-67881766808@test.com,123,(11) 11111-1111,67881766808,FEMALE,APARTAMENTO
test,user,02179-000,testuser-food-28814874409@test.com,123,(11) 11111-1111,28814874409,FEMALE,APARTAMENTO
test,user,02179-000,testuser-food-73184278301@test.com,123,(11) 11111-1111,73184278301,FEMALE,APARTAMENTO
test,user,02179-000,testuser-food-38374372214@test.com,123,(11) 11111-1111,38374372214,FEMALE,APARTAMENTO
test,user,02179-000,testuser-food-83442586267@test.com,123,(11) 11111-1111,83442586267,FEMALE,APARTAMENTO
test,user,02179-000,testuser-food-44587605646@test.com,123,(11) 11111-1111,44587605646,FEMALE,APARTAMENTO
test,user,02179-000,testuser-food-08555880556@test.com,123,(11) 11111-1111,8555880556,FEMALE,APARTAMENTO
test,user,02179-000,testuser-food-51781007004@test.com,123,(11) 11111-1111,51781007004,FEMALE,APARTAMENTO
test,user,02179-000,testuser-food-15870312051@test.com,123,(11) 11111-1111,15870312051,FEMALE,APARTAMENTO
test,user,02179-000,testuser-food-61048507076@test.com,123,(11) 11111-1111,61048507076,FEMALE,APARTAMENTO
test,user,02179-000,testuser-food-25238711816@test.com,123,(11) 11111-1111,25238711816,FEMALE,APARTAMENTO
test,user,02179-000,testuser-food-76353720335@test.com,123,(11) 11111-1111,76353720335,FEMALE,APARTAMENTO
test,user,02179-000,testuser-food-31432123220@test.com,123,(11) 11111-1111,31432123220,FEMALE,APARTAMENTO
test,user,02179-000,testuser-food-86621327234@test.com,123,(11) 11111-1111,86621327234,FEMALE,APARTAMENTO
test,user,02179-000,testuser-food-48746437525@test.com,123,(11) 11111-1111,48746437525,FEMALE,APARTAMENTO
test,user,02179-000,testuser-food-03725631557@test.com,123,(11) 11111-1111,3725631557,FEMALE,APARTAMENTO
test,user,02179-000,testuser-food-56014835580@test.com,123,(11) 11111-1111,56014835580,FEMALE,APARTAMENTO
test,user,02179-000,testuser-food-18038033043@test.com,123,(11) 11111-1111,18038033043,FEMALE,APARTAMENTO
test,user,02179-000,testuser-food-64227348838@test.com,123,(11) 11111-1111,64227348838,FEMALE,APARTAMENTO
test,user,02179-000,testuser-food-28406453869@test.com,123,(11) 11111-1111,28406453869,FEMALE,APARTAMENTO
test,user,02179-000,testuser-food-83575646740@test.com,123,(11) 11111-1111,83575646740,FEMALE,APARTAMENTO
test,user,02179-000,testuser-food-44611755290@test.com,123,(11) 11111-1111,44611755290,FEMALE,APARTAMENTO
test,user,02179-000,testuser-food-80770168124@test.com,123,(11) 11111-1111,80770168124,FEMALE,APARTAMENTO
test,user,02179-000,testuser-food-54868353101@test.com,123,(11) 11111-1111,54868353101,FEMALE,APARTAMENTO
test,user,02179-000,testuser-food-06084462545@test.com,123,(11) 11111-1111,6084462545,FEMALE,APARTAMENTO
test,user,02179-000,testuser-food-61162676531@test.com,123,(11) 11111-1111,61162676531,FEMALE,APARTAMENTO
test,user,02179-000,testuser-food-15352071405@test.com,123,(11) 11111-1111,15352071405,FEMALE,APARTAMENTO
test,user,02179-000,testuser-food-67476070828@test.com,123,(11) 11111-1111,67476070828,FEMALE,APARTAMENTO
test,user,02179-000,testuser-food-22565284721@test.com,123,(11) 11111-1111,22565284721,FEMALE,APARTAMENTO
test,user,02179-000,testuser-food-86745487764@test.com,123,(11) 11111-1111,86745487764,FEMALE,APARTAMENTO
test,user,02179-000,testuser-food-32733682687@test.com,123,(11) 11111-1111,32733682687,FEMALE,APARTAMENTO
test,user,02179-000,testuser-food-83858700240@test.com,123,(11) 11111-1111,83858700240,FEMALE,APARTAMENTO
test,user,02179-000,testuser-food-57137104169@test.com,123,(11) 11111-1111,57137104169,FEMALE,APARTAMENTO
test,user,02179-000,testuser-food-12216310123@test.com,123,(11) 11111-1111,12216310123,FEMALE,APARTAMENTO
test,user,02179-000,testuser-food-57486514087@test.com,123,(11) 11111-1111,57486514087,FEMALE,APARTAMENTO
test,user,02179-000,testuser-food-33854836708@test.com,123,(11) 11111-1111,33854836708,FEMALE,APARTAMENTO
test,user,02179-000,testuser-food-01205158308@test.com,123,(11) 11111-1111,1205158308,FEMALE,APARTAMENTO
test,user,02179-000,testuser-food-76865581008@test.com,123,(11) 11111-1111,76865581008,FEMALE,APARTAMENTO
test,user,02179-000,testuser-food-34161307152@test.com,123,(11) 11111-1111,34161307152,FEMALE,APARTAMENTO
test,user,02179-000,testuser-food-87340602194@test.com,123,(11) 11111-1111,87340602194,FEMALE,APARTAMENTO
test,user,02179-000,testuser-food-65026647090@test.com,123,(11) 11111-1111,65026647090,FEMALE,APARTAMENTO
test,user,02179-000,testuser-food-41586161580@test.com,123,(11) 11111-1111,41586161580,FEMALE,APARTAMENTO
test,user,02179-000,testuser-food-10036283207@test.com,123,(11) 11111-1111,10036283207,FEMALE,APARTAMENTO
test,user,02179-000,testuser-food-72432501497@test.com,123,(11) 11111-1111,72432501497,FEMALE,APARTAMENTO
test,user,02179-000,testuser-food-45856627660@test.com,123,(11) 11111-1111,45856627660,FEMALE,APARTAMENTO
test,user,02179-000,testuser-food-07207548281@test.com,123,(11) 11111-1111,7207548281,FEMALE,APARTAMENTO
test,user,02179-000,testuser-food-64585455256@test.com,123,(11) 11111-1111,64585455256,FEMALE,APARTAMENTO
test,user,02179-000,testuser-food-31871371309@test.com,123,(11) 11111-1111,31871371309,FEMALE,APARTAMENTO
test,user,02179-000,testuser-food-03385508444@test.com,123,(11) 11111-1111,3385508444,FEMALE,APARTAMENTO
test,user,02179-000,testuser-food-60682515515@test.com,123,(11) 11111-1111,60682515515,FEMALE,APARTAMENTO
test,user,02179-000,testuser-food-30070121630@test.com,123,(11) 11111-1111,30070121630,FEMALE,APARTAMENTO
test,user,02179-000,testuser-food-82014130086@test.com,123,(11) 11111-1111,82014130086,FEMALE,APARTAMENTO
test,user,02179-000,testuser-food-36274334084@test.com,123,(11) 11111-1111,36274334084,FEMALE,APARTAMENTO
test,user,02179-000,testuser-food-81462637809@test.com,123,(11) 11111-1111,81462637809,FEMALE,APARTAMENTO
test,user,02179-000,testuser-food-55452842810@test.com,123,(11) 11111-1111,55452842810,FEMALE,APARTAMENTO
test,user,02179-000,testuser-food-17676041309@test.com,123,(11) 11111-1111,17676041309,FEMALE,APARTAMENTO
test,user,02179-000,testuser-food-53655245351@test.com,123,(11) 11111-1111,53655245351,FEMALE,APARTAMENTO
test,user,02179-000,testuser-food-26845450226@test.com,123,(11) 11111-1111,26845450226,FEMALE,APARTAMENTO
test,user,02179-000,testuser-food-68068557687@test.com,123,(11) 11111-1111,68068557687,FEMALE,APARTAMENTO
test,user,02179-000,testuser-food-33148853504@test.com,123,(11) 11111-1111,33148853504,FEMALE,APARTAMENTO
test,user,02179-000,testuser-food-88327066528@test.com,123,(11) 11111-1111,88327066528,FEMALE,APARTAMENTO
test,user,02179-000,testuser-food-40452165881@test.com,123,(11) 11111-1111,40452165881,FEMALE,APARTAMENTO
test,user,02179-000,testuser-food-84531378032@test.com,123,(11) 11111-1111,84531378032,FEMALE,APARTAMENTO
test,user,02179-000,testuser-food-58610673847@test.com,123,(11) 11111-1111,58610673847,FEMALE,APARTAMENTO
test,user,02179-000,testuser-food-14700877820@test.com,123,(11) 11111-1111,14700877820,FEMALE,APARTAMENTO
test,user,02179-000,testuser-food-65824086230@test.com,123,(11) 11111-1111,65824086230,FEMALE,APARTAMENTO
test,user,02179-000,testuser-food-21103281267@test.com,123,(11) 11111-1111,21103281267,FEMALE,APARTAMENTO
test,user,02179-000,testuser-food-75282584158@test.com,123,(11) 11111-1111,75282584158,FEMALE,APARTAMENTO
test,user,02179-000,testuser-food-36317504555@test.com,123,(11) 11111-1111,36317504555,FEMALE,APARTAMENTO
test,user,02179-000,testuser-food-81586717480@test.com,123,(11) 11111-1111,81586717480,FEMALE,APARTAMENTO
test,user,02179-000,testuser-food-46675002554@test.com,123,(11) 11111-1111,46675002554,FEMALE,APARTAMENTO
test,user,02179-000,testuser-food-88701111809@test.com,123,(11) 11111-1111,88701111809,FEMALE,APARTAMENTO
test,user,02179-000,testuser-food-52778324836@test.com,123,(11) 11111-1111,52778324836,FEMALE,APARTAMENTO
test,user,02179-000,testuser-food-16068618757@test.com,123,(11) 11111-1111,16068618757,FEMALE,APARTAMENTO
test,user,02179-000,testuser-food-68182727200@test.com,123,(11) 11111-1111,68182727200,FEMALE,APARTAMENTO
test,user,02179-000,testuser-food-24272032119@test.com,123,(11) 11111-1111,24272032119,FEMALE,APARTAMENTO
test,user,02179-000,testuser-food-78442136126@test.com,123,(11) 11111-1111,78442136126,FEMALE,APARTAMENTO
test,user,02179-000,testuser-food-30575235446@test.com,123,(11) 11111-1111,30575235446,FEMALE,APARTAMENTO
test,user,02179-000,testuser-food-84655530502@test.com,123,(11) 11111-1111,84655530502,FEMALE,APARTAMENTO
test,user,02179-000,testuser-food-50833743406@test.com,123,(11) 11111-1111,50833743406,FEMALE,APARTAMENTO
test,user,02179-000,testuser-food-02068842815@test.com,123,(11) 11111-1111,2068842815,FEMALE,APARTAMENTO
test,user,02179-000,testuser-food-56047145779@test.com,123,(11) 11111-1111,56047145779,FEMALE,APARTAMENTO
test,user,02179-000,testuser-food-11226350798@test.com,123,(11) 11111-1111,11226350798,FEMALE,APARTAMENTO
test,user,02179-000,testuser-food-62242358138@test.com,123,(11) 11111-1111,62242358138,FEMALE,APARTAMENTO
test,user,02179-000,testuser-food-37431653174@test.com,123,(11) 11111-1111,37431653174,FEMALE,APARTAMENTO
test,user,02179-000,testuser-food-72620867070@test.com,123,(11) 11111-1111,72620867070,FEMALE,APARTAMENTO
test,user,02179-000,testuser-food-34644066524@test.com,123,(11) 11111-1111,34644066524,FEMALE,APARTAMENTO
test,user,02179-000,testuser-food-87824261476@test.com,123,(11) 11111-1111,87824261476,FEMALE,APARTAMENTO
test,user,02179-000,testuser-food-53813574431@test.com,123,(11) 11111-1111,53813574431,FEMALE,APARTAMENTO
test,user,02179-000,testuser-food-04137673705@test.com,123,(11) 11111-1111,4137673705,FEMALE,APARTAMENTO
test,user,02179-000,testuser-food-50216877784@test.com,123,(11) 11111-1111,50216877784,FEMALE,APARTAMENTO
test,user,02179-000,testuser-food-14305181622@test.com,123,(11) 11111-1111,14305181622,FEMALE,APARTAMENTO
test,user,02179-000,testuser-food-65421101193@test.com,123,(11) 11111-1111,65421101193,FEMALE,APARTAMENTO
test,user,02179-000,testuser-food-30608484164@test.com,123,(11) 11111-1111,30608484164,FEMALE,APARTAMENTO
test,user,02179-000,testuser-food-72724403509@test.com,123,(11) 11111-1111,72724403509,FEMALE,APARTAMENTO
test,user,02179-000,testuser-food-37813716540@test.com,123,(11) 11111-1111,37813716540,FEMALE,APARTAMENTO
test,user,02179-000,testuser-food-88037806880@test.com,123,(11) 11111-1111,88037806880,FEMALE,APARTAMENTO
test,user,02179-000,testuser-food-43127110898@test.com,123,(11) 11111-1111,43127110898,FEMALE,APARTAMENTO
test,user,02179-000,testuser-food-17306324756@test.com,123,(11) 11111-1111,17306324756,FEMALE,APARTAMENTO
test,user,02179-000,testuser-food-50421313293@test.com,123,(11) 11111-1111,50421313293,FEMALE,APARTAMENTO
test,user,02179-000,testuser-food-24410627279@test.com,123,(11) 11111-1111,24410627279,FEMALE,APARTAMENTO
test,user,02179-000,testuser-food-83051748757@test.com,123,(11) 11111-1111,83051748757,FEMALE,APARTAMENTO
test,user,02179-000,testuser-food-41356655866@test.com,123,(11) 11111-1111,41356655866,FEMALE,APARTAMENTO
test,user,02179-000,testuser-food-14508476414@test.com,123,(11) 11111-1111,14508476414,FEMALE,APARTAMENTO
test,user,02179-000,testuser-food-70058700269@test.com,123,(11) 11111-1111,70058700269,FEMALE,APARTAMENTO
test,user,02179-000,testuser-food-40636524833@test.com,123,(11) 11111-1111,40636524833,FEMALE,APARTAMENTO
test,user,02179-000,testuser-food-28176656518@test.com,123,(11) 11111-1111,28176656518,FEMALE,APARTAMENTO
test,user,02179-000,testuser-food-72572073722@test.com,123,(11) 11111-1111,72572073722,FEMALE,APARTAMENTO
test,user,02179-000,testuser-food-57141386432@test.com,123,(11) 11111-1111,57141386432,FEMALE,APARTAMENTO
test,user,02179-000,testuser-food-23447212586@test.com,123,(11) 11111-1111,23447212586,FEMALE,APARTAMENTO
test,user,02179-000,testuser-food-01051832705@test.com,123,(11) 11111-1111,1051832705,FEMALE,APARTAMENTO
test,user,02179-000,testuser-food-58346658885@test.com,123,(11) 11111-1111,58346658885,FEMALE,APARTAMENTO
test,user,02179-000,testuser-food-26861386103@test.com,123,(11) 11111-1111,26861386103,FEMALE,APARTAMENTO
test,user,02179-000,testuser-food-08375504327@test.com,123,(11) 11111-1111,8375504327,FEMALE,APARTAMENTO
test,user,02179-000,testuser-food-53554818259@test.com,123,(11) 11111-1111,53554818259,FEMALE,APARTAMENTO
test,user,02179-000,testuser-food-25050036372@test.com,123,(11) 11111-1111,25050036372,FEMALE,APARTAMENTO
test,user,02179-000,testuser-food-77184135784@test.com,123,(11) 11111-1111,77184135784,FEMALE,APARTAMENTO
test,user,02179-000,testuser-food-33263440748@test.com,123,(11) 11111-1111,33263440748,FEMALE,APARTAMENTO
test,user,02179-000,testuser-food-86342653666@test.com,123,(11) 11111-1111,86342653666,FEMALE,APARTAMENTO
test,user,02179-000,testuser-food-41531847641@test.com,123,(11) 11111-1111,41531847641,FEMALE,APARTAMENTO
test,user,02179-000,testuser-food-03656055068@test.com,123,(11) 11111-1111,3656055068,FEMALE,APARTAMENTO
test,user,02179-000,testuser-food-68735260025@test.com,123,(11) 11111-1111,68735260025,FEMALE,APARTAMENTO
test,user,02179-000,testuser-food-13024555838@test.com,123,(11) 11111-1111,13024555838,FEMALE,APARTAMENTO
test,user,02179-000,testuser-food-64048563360@test.com,123,(11) 11111-1111,64048563360,FEMALE,APARTAMENTO
test,user,02179-000,testuser-food-28237777336@test.com,123,(11) 11111-1111,28237777336,FEMALE,APARTAMENTO
test,user,02179-000,testuser-food-84317071355@test.com,123,(11) 11111-1111,84317071355,FEMALE,APARTAMENTO
test,user,02179-000,testuser-food-45332171765@test.com,123,(11) 11111-1111,45332171765,FEMALE,APARTAMENTO
test,user,02179-000,testuser-food-81521484660@test.com,123,(11) 11111-1111,81521484660,FEMALE,APARTAMENTO
test,user,02179-000,testuser-food-44680688505@test.com,123,(11) 11111-1111,44680688505,FEMALE,APARTAMENTO
test,user,02179-000,testuser-food-10878883525@test.com,123,(11) 11111-1111,10878883525,FEMALE,APARTAMENTO
test,user,02179-000,testuser-food-61013001028@test.com,123,(11) 11111-1111,61013001028,FEMALE,APARTAMENTO
test,user,02179-000,testuser-food-16173206846@test.com,123,(11) 11111-1111,16173206846,FEMALE,APARTAMENTO
test,user,02179-000,testuser-food-71262411866@test.com,123,(11) 11111-1111,71262411866,FEMALE,APARTAMENTO
test,user,02179-000,testuser-food-22486518304@test.com,123,(11) 11111-1111,22486518304,FEMALE,APARTAMENTO
test,user,02179-000,testuser-food-86476713337@test.com,123,(11) 11111-1111,86476713337,FEMALE,APARTAMENTO
test,user,02179-000,testuser-food-32654026221@test.com,123,(11) 11111-1111,32654026221,FEMALE,APARTAMENTO
test,user,02179-000,testuser-food-84770126603@test.com,123,(11) 11111-1111,84770126603,FEMALE,APARTAMENTO
test,user,02179-000,testuser-food-48868420546@test.com,123,(11) 11111-1111,48868420546,FEMALE,APARTAMENTO
test,user,02179-000,testuser-food-12147634565@test.com,123,(11) 11111-1111,12147634565,FEMALE,APARTAMENTO
test,user,02179-000,testuser-food-67227838471@test.com,123,(11) 11111-1111,67227838471,FEMALE,APARTAMENTO
test,user,02179-000,testuser-food-20351837078@test.com,123,(11) 11111-1111,20351837078,FEMALE,APARTAMENTO
test,user,02179-000,testuser-food-74431242872@test.com,123,(11) 11111-1111,74431242872,FEMALE,APARTAMENTO
test,user,02179-000,testuser-food-38510445842@test.com,123,(11) 11111-1111,38510445842,FEMALE,APARTAMENTO
test,user,02179-000,testuser-food-80644544252@test.com,123,(11) 11111-1111,80644544252,FEMALE,APARTAMENTO
test,user,02179-000,testuser-food-45724757257@test.com,123,(11) 11111-1111,45724757257,FEMALE,APARTAMENTO
test,user,02179-000,testuser-food-00002152100@test.com,123,(11) 11111-1111,2152100,FEMALE,APARTAMENTO
test,user,02179-000,testuser-food-54282367105@test.com,123,(11) 11111-1111,54282367105,FEMALE,APARTAMENTO
test,user,02179-000,testuser-food-16216365509@test.com,123,(11) 11111-1111,16216365509,FEMALE,APARTAMENTO
test,user,02179-000,testuser-food-62385560569@test.com,123,(11) 11111-1111,62385560569,FEMALE,APARTAMENTO
test,user,02179-000,testuser-food-25474774400@test.com,123,(11) 11111-1111,25474774400,FEMALE,APARTAMENTO
test,user,02179-000,testuser-food-77500873891@test.com,123,(11) 11111-1111,77500873891,FEMALE,APARTAMENTO
test,user,02179-000,testuser-food-32778277714@test.com,123,(11) 11111-1111,32778277714,FEMALE,APARTAMENTO
test,user,02179-000,testuser-food-87867481737@test.com,123,(11) 11111-1111,87867481737,FEMALE,APARTAMENTO
test,user,02179-000,testuser-food-42136605674@test.com,123,(11) 11111-1111,42136605674,FEMALE,APARTAMENTO
test,user,02179-000,testuser-food-17443502729@test.com,123,(11) 11111-1111,17443502729,FEMALE,APARTAMENTO
test,user,02179-000,testuser-food-71847830005@test.com,123,(11) 11111-1111,71847830005,FEMALE,APARTAMENTO
test,user,02179-000,testuser-food-62806782457@test.com,123,(11) 11111-1111,62806782457,FEMALE,APARTAMENTO
test,user,02179-000,testuser-food-31346704104@test.com,123,(11) 11111-1111,31346704104,FEMALE,APARTAMENTO
test,user,02179-000,testuser-food-06705226862@test.com,123,(11) 11111-1111,6705226862,FEMALE,APARTAMENTO
test,user,02179-000,testuser-food-64038637387@test.com,123,(11) 11111-1111,64038637387,FEMALE,APARTAMENTO
test,user,02179-000,testuser-food-21345644400@test.com,123,(11) 11111-1111,21345644400,FEMALE,APARTAMENTO
test,user,02179-000,testuser-food-80686665082@test.com,123,(11) 11111-1111,80686665082,FEMALE,APARTAMENTO
test,user,02179-000,testuser-food-41073271080@test.com,123,(11) 11111-1111,41073271080,FEMALE,APARTAMENTO
test,user,02179-000,testuser-food-27370206114@test.com,123,(11) 11111-1111,27370206114,FEMALE,APARTAMENTO
test,user,02179-000,testuser-food-81622818601@test.com,123,(11) 11111-1111,81622818601,FEMALE,APARTAMENTO
test,user,02179-000,testuser-food-43126236863@test.com,123,(11) 11111-1111,43126236863,FEMALE,APARTAMENTO
test,user,02179-000,testuser-food-24604061696@test.com,123,(11) 11111-1111,24604061696,FEMALE,APARTAMENTO
test,user,02179-000,testuser-food-87037671169@test.com,123,(11) 11111-1111,87037671169,FEMALE,APARTAMENTO
test,user,02179-000,testuser-food-50441008380@test.com,123,(11) 11111-1111,50441008380,FEMALE,APARTAMENTO
test,user,02179-000,testuser-food-15621203283@test.com,123,(11) 11111-1111,15621203283,FEMALE,APARTAMENTO
test,user,02179-000,testuser-food-66655311713@test.com,123,(11) 11111-1111,66655311713,FEMALE,APARTAMENTO
test,user,02179-000,testuser-food-21834515726@test.com,123,(11) 11111-1111,21834515726,FEMALE,APARTAMENTO
test,user,02179-000,testuser-food-75114721682@test.com,123,(11) 11111-1111,75114721682,FEMALE,APARTAMENTO
test,user,02179-000,testuser-food-31102024503@test.com,123,(11) 11111-1111,31102024503,FEMALE,APARTAMENTO
test,user,02179-000,testuser-food-82227123060@test.com,123,(11) 11111-1111,82227123060,FEMALE,APARTAMENTO
test,user,02179-000,testuser-food-56306336001@test.com,123,(11) 11111-1111,56306336001,FEMALE,APARTAMENTO
test,user,02179-000,testuser-food-01585531871@test.com,123,(11) 11111-1111,1585531871,FEMALE,APARTAMENTO
test,user,02179-000,testuser-food-53610630370@test.com,123,(11) 11111-1111,53610630370,FEMALE,APARTAMENTO
test,user,02179-000,testuser-food-18780044336@test.com,123,(11) 11111-1111,18780044336,FEMALE,APARTAMENTO
test,user,02179-000,testuser-food-73078248330@test.com,123,(11) 11111-1111,73078248330,FEMALE,APARTAMENTO
test,user,02179-000,testuser-food-26147442201@test.com,123,(11) 11111-1111,26147442201,FEMALE,APARTAMENTO
test,user,02179-000,testuser-food-78282451657@test.com,123,(11) 11111-1111,78282451657,FEMALE,APARTAMENTO
test,user,02179-000,testuser-food-34351765550@test.com,123,(11) 11111-1111,34351765550,FEMALE,APARTAMENTO
test,user,02179-000,testuser-food-08441050589@test.com,123,(11) 11111-1111,8441050589,FEMALE,APARTAMENTO
test,user,02179-000,testuser-food-51574167847@test.com,123,(11) 11111-1111,51574167847,FEMALE,APARTAMENTO
test,user,02179-000,testuser-food-04744372805@test.com,123,(11) 11111-1111,4744372805,FEMALE,APARTAMENTO
test,user,02179-000,testuser-food-50833666819@test.com,123,(11) 11111-1111,50833666819,FEMALE,APARTAMENTO
test,user,02179-000,testuser-food-24112871864@test.com,123,(11) 11111-1111,24112871864,FEMALE,APARTAMENTO
test,user,02179-000,testuser-food-76237880275@test.com,123,(11) 11111-1111,76237880275,FEMALE,APARTAMENTO
test,user,02179-000,testuser-food-21225184215@test.com,123,(11) 11111-1111,21225184215,FEMALE,APARTAMENTO
test,user,02179-000,testuser-food-75405387169@test.com,123,(11) 11111-1111,75405387169,FEMALE,APARTAMENTO
test,user,02179-000,testuser-food-36520407593@test.com,123,(11) 11111-1111,36520407593,FEMALE,APARTAMENTO
test,user,02179-000,testuser-food-02618701496@test.com,123,(11) 11111-1111,2618701496,FEMALE,APARTAMENTO
test,user,02179-000,testuser-food-46888005410@test.com,123,(11) 11111-1111,46888005410,FEMALE,APARTAMENTO
test,user,02179-000,testuser-food-02066210439@test.com,123,(11) 11111-1111,2066210439,FEMALE,APARTAMENTO
test,user,02179-000,testuser-food-16111671839@test.com,123,(11) 11111-1111,16111671839,FEMALE,APARTAMENTO
test,user,02179-000,testuser-food-28871100719@test.com,123,(11) 11111-1111,28871100719,FEMALE,APARTAMENTO
test,user,02179-000,testuser-food-04074618842@test.com,123,(11) 11111-1111,4074618842,FEMALE,APARTAMENTO
test,user,02179-000,testuser-food-08706442463@test.com,123,(11) 11111-1111,8706442463,FEMALE,APARTAMENTO
test,user,02179-000,testuser-food-20161102441@test.com,123,(11) 11111-1111,20161102441,FEMALE,APARTAMENTO
test,user,02179-000,testuser-food-52652675494@test.com,123,(11) 11111-1111,52652675494,FEMALE,APARTAMENTO
test,user,02179-000,testuser-food-14876675821@test.com,123,(11) 11111-1111,14876675821,FEMALE,APARTAMENTO
test,user,02179-000,testuser-food-66002683364@test.com,123,(11) 11111-1111,66002683364,FEMALE,APARTAMENTO
test,user,02179-000,testuser-food-27036771623@test.com,123,(11) 11111-1111,27036771623,FEMALE,APARTAMENTO
test,user,02179-000,testuser-food-82215186704@test.com,123,(11) 11111-1111,82215186704,FEMALE,APARTAMENTO
test,user,02179-000,testuser-food-34340284122@test.com,123,(11) 11111-1111,34340284122,FEMALE,APARTAMENTO
test,user,02179-000,testuser-food-08320488109@test.com,123,(11) 11111-1111,8320488109,FEMALE,APARTAMENTO
test,user,02179-000,testuser-food-50555507408@test.com,123,(11) 11111-1111,50555507408,FEMALE,APARTAMENTO
test,user,02179-000,testuser-food-01461883652@test.com,123,(11) 11111-1111,1461883652,FEMALE,APARTAMENTO
test,user,02179-000,testuser-food-52586083288@test.com,123,(11) 11111-1111,52586083288,FEMALE,APARTAMENTO
test,user,02179-000,testuser-food-16666386256@test.com,123,(11) 11111-1111,16666386256,FEMALE,APARTAMENTO
test,user,02179-000,testuser-food-52844481116@test.com,123,(11) 11111-1111,52844481116,FEMALE,APARTAMENTO
test,user,02179-000,testuser-food-14870508524@test.com,123,(11) 11111-1111,14870508524,FEMALE,APARTAMENTO
test,user,02179-000,testuser-food-78058714429@test.com,123,(11) 11111-1111,78058714429,FEMALE,APARTAMENTO
test,user,02179-000,testuser-food-32237008469@test.com,123,(11) 11111-1111,32237008469,FEMALE,APARTAMENTO
test,user,02179-000,testuser-food-84262116743@test.com,123,(11) 11111-1111,84262116743,FEMALE,APARTAMENTO
test,user,02179-000,testuser-food-30442421770@test.com,123,(11) 11111-1111,30442421770,FEMALE,APARTAMENTO
test,user,02179-000,testuser-food-04521615767@test.com,123,(11) 11111-1111,4521615767,FEMALE,APARTAMENTO
test,user,02179-000,testuser-food-65288458405@test.com,123,(11) 11111-1111,65288458405,FEMALE,APARTAMENTO
test,user,02179-000,testuser-food-38531160006@test.com,123,(11) 11111-1111,38531160006,FEMALE,APARTAMENTO
test,user,02179-000,testuser-food-04008583718@test.com,123,(11) 11111-1111,4008583718,FEMALE,APARTAMENTO
test,user,02179-000,testuser-food-63451516454@test.com,123,(11) 11111-1111,63451516454,FEMALE,APARTAMENTO
test,user,02179-000,testuser-food-35854833565@test.com,123,(11) 11111-1111,35854833565,FEMALE,APARTAMENTO
test,user,02179-000,testuser-food-12352848679@test.com,123,(11) 11111-1111,12352848679,FEMALE,APARTAMENTO
test,user,02179-000,testuser-food-71765478820@test.com,123,(11) 11111-1111,71765478820,FEMALE,APARTAMENTO
test,user,02179-000,testuser-food-36161304090@test.com,123,(11) 11111-1111,36161304090,FEMALE,APARTAMENTO
test,user,02179-000,testuser-food-02567211144@test.com,123,(11) 11111-1111,2567211144,FEMALE,APARTAMENTO
test,user,02179-000,testuser-food-60863237207@test.com,123,(11) 11111-1111,60863237207,FEMALE,APARTAMENTO
test,user,02179-000,testuser-food-35251034253@test.com,123,(11) 11111-1111,35251034253,FEMALE,APARTAMENTO
test,user,02179-000,testuser-food-08655362441@test.com,123,(11) 11111-1111,8655362441,FEMALE,APARTAMENTO
test,user,02179-000,testuser-food-66116383181@test.com,123,(11) 11111-1111,66116383181,FEMALE,APARTAMENTO
test,user,02179-000,testuser-food-31357284632@test.com,123,(11) 11111-1111,31357284632,FEMALE,APARTAMENTO
test,user,02179-000,testuser-food-76546408546@test.com,123,(11) 11111-1111,76546408546,FEMALE,APARTAMENTO
test,user,02179-000,testuser-food-57042635779@test.com,123,(11) 11111-1111,57042635779,FEMALE,APARTAMENTO
test,user,02179-000,testuser-food-25275035276@test.com,123,(11) 11111-1111,25275035276,FEMALE,APARTAMENTO
test,user,02179-000,testuser-food-75473641288@test.com,123,(11) 11111-1111,75473641288,FEMALE,APARTAMENTO
test,user,02179-000,testuser-food-37507640698@test.com,123,(11) 11111-1111,37507640698,FEMALE,APARTAMENTO
test,user,02179-000,testuser-food-73776044500@test.com,123,(11) 11111-1111,73776044500,FEMALE,APARTAMENTO
test,user,02179-000,testuser-food-47756258533@test.com,123,(11) 11111-1111,47756258533,FEMALE,APARTAMENTO
test,user,02179-000,testuser-food-00881367877@test.com,123,(11) 11111-1111,881367877,FEMALE,APARTAMENTO
test,user,02179-000,testuser-food-53170552880@test.com,123,(11) 11111-1111,53170552880,FEMALE,APARTAMENTO
test,user,02179-000,testuser-food-08248765806@test.com,123,(11) 11111-1111,8248765806,FEMALE,APARTAMENTO
test,user,02179-000,testuser-food-63437170805@test.com,123,(11) 11111-1111,63437170805,FEMALE,APARTAMENTO
test,user,02179-000,testuser-food-25452267263@test.com,123,(11) 11111-1111,25452267263,FEMALE,APARTAMENTO
test,user,02179-000,testuser-food-70632372257@test.com,123,(11) 11111-1111,70632372257,FEMALE,APARTAMENTO
test,user,02179-000,testuser-food-24721587180@test.com,123,(11) 11111-1111,24721587180,FEMALE,APARTAMENTO
test,user,02179-000,testuser-food-75845685567@test.com,123,(11) 11111-1111,75845685567,FEMALE,APARTAMENTO
test,user,02179-000,testuser-food-41024080455@test.com,123,(11) 11111-1111,41024080455,FEMALE,APARTAMENTO
test,user,02179-000,testuser-food-03148108035@test.com,123,(11) 11111-1111,3148108035,FEMALE,APARTAMENTO
test,user,02179-000,testuser-food-40013370618@test.com,123,(11) 11111-1111,40013370618,FEMALE,APARTAMENTO
test,user,02179-000,testuser-food-01036487121@test.com,123,(11) 11111-1111,1036487121,FEMALE,APARTAMENTO
test,user,02179-000,testuser-food-45226682018@test.com,123,(11) 11111-1111,45226682018,FEMALE,APARTAMENTO
test,user,02179-000,testuser-food-11385885041@test.com,123,(11) 11111-1111,11385885041,FEMALE,APARTAMENTO
test,user,02179-000,testuser-food-50366788000@test.com,123,(11) 11111-1111,50366788000,FEMALE,APARTAMENTO
test,user,02179-000,testuser-food-14544003822@test.com,123,(11) 11111-1111,14544003822,FEMALE,APARTAMENTO
test,user,02179-000,testuser-food-60571781225@test.com,123,(11) 11111-1111,60571781225,FEMALE,APARTAMENTO
test,user,02179-000,testuser-food-23533383059@test.com,123,(11) 11111-1111,23533383059,FEMALE,APARTAMENTO
test,user,02179-000,testuser-food-67622507008@test.com,123,(11) 11111-1111,67622507008,FEMALE,APARTAMENTO
test,user,02179-000,testuser-food-32781801003@test.com,123,(11) 11111-1111,32781801003,FEMALE,APARTAMENTO
test,user,02179-000,testuser-food-84825001394@test.com,123,(11) 11111-1111,84825001394,FEMALE,APARTAMENTO
test,user,02179-000,testuser-food-48005214324@test.com,123,(11) 11111-1111,48005214324,FEMALE,APARTAMENTO
test,user,02179-000,testuser-food-83274418250@test.com,123,(11) 11111-1111,83274418250,FEMALE,APARTAMENTO
test,user,02179-000,testuser-food-40200216511@test.com,123,(11) 11111-1111,40200216511,FEMALE,APARTAMENTO
test,user,02179-000,testuser-food-01334314012@test.com,123,(11) 11111-1111,1334314012,FEMALE,APARTAMENTO
test,user,02179-000,testuser-food-50305207830@test.com,123,(11) 11111-1111,50305207830,FEMALE,APARTAMENTO
test,user,02179-000,testuser-food-14484312808@test.com,123,(11) 11111-1111,14484312808,FEMALE,APARTAMENTO
test,user,02179-000,testuser-food-54302818166@test.com,123,(11) 11111-1111,54302818166,FEMALE,APARTAMENTO
test,user,02179-000,testuser-food-10461102099@test.com,123,(11) 11111-1111,10461102099,FEMALE,APARTAMENTO
test,user,02179-000,testuser-food-74650316057@test.com,123,(11) 11111-1111,74650316057,FEMALE,APARTAMENTO
test,user,02179-000,testuser-food-35775326539@test.com,123,(11) 11111-1111,35775326539,FEMALE,APARTAMENTO
test,user,02179-000,testuser-food-70853620490@test.com,123,(11) 11111-1111,70853620490,FEMALE,APARTAMENTO
test,user,02179-000,testuser-food-35143824338@test.com,123,(11) 11111-1111,35143824338,FEMALE,APARTAMENTO
test,user,02179-000,testuser-food-84123837298@test.com,123,(11) 11111-1111,84123837298,FEMALE,APARTAMENTO
test,user,02179-000,testuser-food-42284621112@test.com,123,(11) 11111-1111,42284621112,FEMALE,APARTAMENTO
test,user,02179-000,testuser-food-88100428590@test.com,123,(11) 11111-1111,88100428590,FEMALE,APARTAMENTO
test,user,02179-000,testuser-food-40234526882@test.com,123,(11) 11111-1111,40234526882,FEMALE,APARTAMENTO
test,user,02179-000,testuser-food-05314821893@test.com,123,(11) 11111-1111,5314821893,FEMALE,APARTAMENTO
test,user,02179-000,testuser-food-60582134790@test.com,123,(11) 11111-1111,60582134790,FEMALE,APARTAMENTO
test,user,02179-000,testuser-food-14672348776@test.com,123,(11) 11111-1111,14672348776,FEMALE,APARTAMENTO
test,user,02179-000,testuser-food-66707337122@test.com,123,(11) 11111-1111,66707337122,FEMALE,APARTAMENTO
test,user,02179-000,testuser-food-21085642178@test.com,123,(11) 11111-1111,21085642178,FEMALE,APARTAMENTO
test,user,02179-000,testuser-food-82273256108@test.com,123,(11) 11111-1111,82273256108,FEMALE,APARTAMENTO
test,user,02179-000,testuser-food-38036548828@test.com,123,(11) 11111-1111,38036548828,FEMALE,APARTAMENTO
test,user,02179-000,testuser-food-80251546373@test.com,123,(11) 11111-1111,80251546373,FEMALE,APARTAMENTO
test,user,02179-000,testuser-food-44231751269@test.com,123,(11) 11111-1111,44231751269,FEMALE,APARTAMENTO
test,user,02179-000,testuser-food-86355840664@test.com,123,(11) 11111-1111,86355840664,FEMALE,APARTAMENTO
test,user,02179-000,testuser-food-50606561285@test.com,123,(11) 11111-1111,50606561285,FEMALE,APARTAMENTO
test,user,02179-000,testuser-food-54872226810@test.com,123,(11) 11111-1111,54872226810,FEMALE,APARTAMENTO
test,user,02179-000,testuser-food-17114046405@test.com,123,(11) 11111-1111,17114046405,FEMALE,APARTAMENTO
test,user,02179-000,testuser-food-83511853532@test.com,123,(11) 11111-1111,83511853532,FEMALE,APARTAMENTO
test,user,02179-000,testuser-food-40717760642@test.com,123,(11) 11111-1111,40717760642,FEMALE,APARTAMENTO
test,user,02179-000,testuser-food-13322106861@test.com,123,(11) 11111-1111,13322106861,FEMALE,APARTAMENTO
test,user,02179-000,testuser-food-71835636004@test.com,123,(11) 11111-1111,71835636004,FEMALE,APARTAMENTO
test,user,02179-000,testuser-food-57232533101@test.com,123,(11) 11111-1111,57232533101,FEMALE,APARTAMENTO
test,user,02179-000,testuser-food-20736861335@test.com,123,(11) 11111-1111,20736861335,FEMALE,APARTAMENTO
test,user,02179-000,testuser-food-70034475338@test.com,123,(11) 11111-1111,70034475338,FEMALE,APARTAMENTO
test,user,02179-000,testuser-food-48375486019@test.com,123,(11) 11111-1111,48375486019,FEMALE,APARTAMENTO
test,user,02179-000,testuser-food-18725510681@test.com,123,(11) 11111-1111,18725510681,FEMALE,APARTAMENTO
test,user,02179-000,testuser-food-76058020131@test.com,123,(11) 11111-1111,76058020131,FEMALE,APARTAMENTO
test,user,02179-000,testuser-food-30201631610@test.com,123,(11) 11111-1111,30201631610,FEMALE,APARTAMENTO
test,user,02179-000,testuser-food-03543541161@test.com,123,(11) 11111-1111,3543541161,FEMALE,APARTAMENTO
test,user,02179-000,testuser-food-45668540600@test.com,123,(11) 11111-1111,45668540600,FEMALE,APARTAMENTO
test,user,02179-000,testuser-food-10756753597@test.com,123,(11) 11111-1111,10756753597,FEMALE,APARTAMENTO
test,user,02179-000,testuser-food-54046067543@test.com,123,(11) 11111-1111,54046067543,FEMALE,APARTAMENTO
test,user,02179-000,testuser-food-15161156864@test.com,123,(11) 11111-1111,15161156864,FEMALE,APARTAMENTO
test,user,02179-000,testuser-food-48372411239@test.com,123,(11) 11111-1111,48372411239,FEMALE,APARTAMENTO
test,user,02179-000,testuser-food-86342214158@test.com,123,(11) 11111-1111,86342214158,FEMALE,APARTAMENTO
test,user,02179-000,testuser-food-56530738142@test.com,123,(11) 11111-1111,56530738142,FEMALE,APARTAMENTO
test,user,02179-000,testuser-food-06601722162@test.com,123,(11) 11111-1111,6601722162,FEMALE,APARTAMENTO
test,user,02179-000,testuser-food-51780036086@test.com,123,(11) 11111-1111,51780036086,FEMALE,APARTAMENTO
test,user,02179-000,testuser-food-25868341007@test.com,123,(11) 11111-1111,25868341007,FEMALE,APARTAMENTO
test,user,02179-000,testuser-food-65876626252@test.com,123,(11) 11111-1111,65876626252,FEMALE,APARTAMENTO
test,user,02179-000,testuser-food-21855831155@test.com,123,(11) 11111-1111,21855831155,FEMALE,APARTAMENTO
test,user,02179-000,testuser-food-65144245200@test.com,123,(11) 11111-1111,65144245200,FEMALE,APARTAMENTO
test,user,02179-000,testuser-food-21161034528@test.com,123,(11) 11111-1111,21161034528,FEMALE,APARTAMENTO
test,user,02179-000,testuser-food-85330137446@test.com,123,(11) 11111-1111,85330137446,FEMALE,APARTAMENTO
test,user,02179-000,testuser-food-47364246800@test.com,123,(11) 11111-1111,47364246800,FEMALE,APARTAMENTO
test,user,02179-000,testuser-food-60784102376@test.com,123,(11) 11111-1111,60784102376,FEMALE,APARTAMENTO
