test,user,02179-000,testuser-66411602204@test.com,123,(11) 11111-1111,66411602204,MALE,APARTAMENTO
test,user,02179-000,testuser-31066706301@test.com,123,(11) 11111-1111,31066706301,FEMALE,APARTAMENTO
test,user,02179-000,testuser-00221561005@test.com,123,(11) 11111-1111,221561005,MALE,APARTAMENTO
test,user,02179-000,testuser-05005644695@test.com,123,(11) 11111-1111,5005644695,FEMALE,APARTAMENTO
test,user,02179-000,testuser-30848107373@test.com,123,(11) 11111-1111,30848107373,MALE,APARTAMENTO
test,user,02179-000,testuser-18301374250@test.com,123,(11) 11111-1111,18301374250,FEMALE,APARTAMENTO
test,user,02179-000,testuser-40140261591@test.com,123,(11) 11111-1111,40140261591,MALE,APARTAMENTO
test,user,02179-000,testuser-57086582158@test.com,123,(11) 11111-1111,57086582158,FEMALE,APARTAMENTO
test,user,02179-000,testuser-41707424004@test.com,123,(11) 11111-1111,41707424004,MALE,APARTAMENTO
test,user,02179-000,testuser-61668016451@test.com,123,(11) 11111-1111,61668016451,FEMALE,APARTAMENTO
test,user,02179-000,testuser-45414203253@test.com,123,(11) 11111-1111,45414203253,MALE,APARTAMENTO
test,user,02179-000,testuser-14653438307@test.com,123,(11) 11111-1111,14653438307,FEMALE,APARTAMENTO
test,user,02179-000,testuser-16084181384@test.com,123,(11) 11111-1111,16084181384,MALE,APARTAMENTO
test,user,02179-000,testuser-34807247441@test.com,123,(11) 11111-1111,34807247441,FEMALE,APARTAMENTO
test,user,02179-000,testuser-75412671802@test.com,123,(11) 11111-1111,75412671802,MALE,APARTAMENTO
test,user,02179-000,testuser-31263583067@test.com,123,(11) 11111-1111,31263583067,FEMALE,APARTAMENTO
test,user,02179-000,testuser-72608564836@test.com,123,(11) 11111-1111,72608564836,MALE,APARTAMENTO
test,user,02179-000,testuser-38556451403@test.com,123,(11) 11111-1111,38556451403,FEMALE,APARTAMENTO
test,user,02179-000,testuser-65134024502@test.com,123,(11) 11111-1111,65134024502,MALE,APARTAMENTO
test,user,02179-000,testuser-48180126102@test.com,123,(11) 11111-1111,48180126102,FEMALE,APARTAMENTO
test,user,02179-000,testuser-26830140749@test.com,123,(11) 11111-1111,26830140749,MALE,APARTAMENTO
test,user,02179-000,testuser-01236814649@test.com,123,(11) 11111-1111,1236814649,FEMALE,APARTAMENTO
test,user,02179-000,testuser-04281824456@test.com,123,(11) 11111-1111,4281824456,MALE,APARTAMENTO
test,user,02179-000,testuser-38085425866@test.com,123,(11) 11111-1111,38085425866,FEMALE,APARTAMENTO
test,user,02179-000,testuser-35311026057@test.com,123,(11) 11111-1111,35311026057,MALE,APARTAMENTO
test,user,02179-000,testuser-47727175609@test.com,123,(11) 11111-1111,47727175609,FEMALE,APARTAMENTO
test,user,02179-000,testuser-11626762643@test.com,123,(11) 11111-1111,11626762643,MALE,APARTAMENTO
test,user,02179-000,testuser-01022505378@test.com,123,(11) 11111-1111,1022505378,FEMALE,APARTAMENTO
test,user,02179-000,testuser-13885084783@test.com,123,(11) 11111-1111,13885084783,MALE,APARTAMENTO
test,user,02179-000,testuser-05664271680@test.com,123,(11) 11111-1111,5664271680,FEMALE,APARTAMENTO
test,user,02179-000,testuser-22745064002@test.com,123,(11) 11111-1111,22745064002,MALE,APARTAMENTO
test,user,02179-000,testuser-01385731079@test.com,123,(11) 11111-1111,1385731079,FEMALE,APARTAMENTO
test,user,02179-000,testuser-58314116211@test.com,123,(11) 11111-1111,58314116211,MALE,APARTAMENTO
test,user,02179-000,testuser-43073405402@test.com,123,(11) 11111-1111,43073405402,FEMALE,APARTAMENTO
test,user,02179-000,testuser-88451074340@test.com,123,(11) 11111-1111,88451074340,MALE,APARTAMENTO
test,user,02179-000,testuser-15376470679@test.com,123,(11) 11111-1111,15376470679,FEMALE,APARTAMENTO
test,user,02179-000,testuser-18375285781@test.com,123,(11) 11111-1111,18375285781,MALE,APARTAMENTO
test,user,02179-000,testuser-11241738700@test.com,123,(11) 11111-1111,11241738700,FEMALE,APARTAMENTO
test,user,02179-000,testuser-71402110359@test.com,123,(11) 11111-1111,71402110359,MALE,APARTAMENTO
test,user,02179-000,testuser-03447268603@test.com,123,(11) 11111-1111,3447268603,FEMALE,APARTAMENTO
test,user,02179-000,testuser-71743156740@test.com,123,(11) 11111-1111,71743156740,MALE,APARTAMENTO
test,user,02179-000,testuser-65065207798@test.com,123,(11) 11111-1111,65065207798,FEMALE,APARTAMENTO
test,user,02179-000,testuser-51283845865@test.com,123,(11) 11111-1111,51283845865,MALE,APARTAMENTO
test,user,02179-000,testuser-65407246163@test.com,123,(11) 11111-1111,65407246163,FEMALE,APARTAMENTO
test,user,02179-000,testuser-37381260662@test.com,123,(11) 11111-1111,37381260662,MALE,APARTAMENTO
test,user,02179-000,testuser-81536010162@test.com,123,(11) 11111-1111,81536010162,FEMALE,APARTAMENTO
test,user,02179-000,testuser-76143842370@test.com,123,(11) 11111-1111,76143842370,MALE,APARTAMENTO
test,user,02179-000,testuser-37067441048@test.com,123,(11) 11111-1111,37067441048,FEMALE,APARTAMENTO
test,user,02179-000,testuser-50375531050@test.com,123,(11) 11111-1111,50375531050,MALE,APARTAMENTO
test,user,02179-000,testuser-63547028108@test.com,123,(11) 11111-1111,63547028108,FEMALE,APARTAMENTO
test,user,02179-000,testuser-68741873092@test.com,123,(11) 11111-1111,68741873092,MALE,APARTAMENTO
test,user,02179-000,testuser-44630734139@test.com,123,(11) 11111-1111,44630734139,FEMALE,APARTAMENTO
test,user,02179-000,testuser-20220862605@test.com,123,(11) 11111-1111,20220862605,MALE,APARTAMENTO
test,user,02179-000,testuser-40276711203@test.com,123,(11) 11111-1111,40276711203,FEMALE,APARTAMENTO
test,user,02179-000,testuser-87451656292@test.com,123,(11) 11111-1111,87451656292,MALE,APARTAMENTO
test,user,02179-000,testuser-88372020167@test.com,123,(11) 11111-1111,88372020167,FEMALE,APARTAMENTO
test,user,02179-000,testuser-61026786134@test.com,123,(11) 11111-1111,61026786134,MALE,APARTAMENTO
test,user,02179-000,testuser-57806650369@test.com,123,(11) 11111-1111,57806650369,FEMALE,APARTAMENTO
test,user,02179-000,testuser-37021152183@test.com,123,(11) 11111-1111,37021152183,MALE,APARTAMENTO
test,user,02179-000,testuser-48553754111@test.com,123,(11) 11111-1111,48553754111,FEMALE,APARTAMENTO
test,user,02179-000,testuser-74377183400@test.com,123,(11) 11111-1111,74377183400,MALE,APARTAMENTO
test,user,02179-000,testuser-07347417236@test.com,123,(11) 11111-1111,7347417236,FEMALE,APARTAMENTO
test,user,02179-000,testuser-58055647500@test.com,123,(11) 11111-1111,58055647500,MALE,APARTAMENTO
test,user,02179-000,testuser-72637114436@test.com,123,(11) 11111-1111,72637114436,FEMALE,APARTAMENTO
test,user,02179-000,testuser-58178863596@test.com,123,(11) 11111-1111,58178863596,MALE,APARTAMENTO
test,user,02179-000,testuser-72077382503@test.com,123,(11) 11111-1111,72077382503,FEMALE,APARTAMENTO
test,user,02179-000,testuser-41457174650@test.com,123,(11) 11111-1111,41457174650,MALE,APARTAMENTO
test,user,02179-000,testuser-54406002219@test.com,123,(11) 11111-1111,54406002219,FEMALE,APARTAMENTO
test,user,02179-000,testuser-24472242737@test.com,123,(11) 11111-1111,24472242737,MALE,APARTAMENTO
test,user,02179-000,testuser-64432776781@test.com,123,(11) 11111-1111,64432776781,FEMALE,APARTAMENTO
test,user,02179-000,testuser-34853446648@test.com,123,(11) 11111-1111,34853446648,MALE,APARTAMENTO
test,user,02179-000,testuser-04086553309@test.com,123,(11) 11111-1111,4086553309,FEMALE,APARTAMENTO
test,user,02179-000,testuser-51417002751@test.com,123,(11) 11111-1111,51417002751,MALE,APARTAMENTO
test,user,02179-000,testuser-35355247849@test.com,123,(11) 11111-1111,35355247849,FEMALE,APARTAMENTO
test,user,02179-000,testuser-70654081751@test.com,123,(11) 11111-1111,70654081751,MALE,APARTAMENTO
test,user,02179-000,testuser-36787844298@test.com,123,(11) 11111-1111,36787844298,FEMALE,APARTAMENTO
test,user,02179-000,testuser-88180301400@test.com,123,(11) 11111-1111,88180301400,MALE,APARTAMENTO
test,user,02179-000,testuser-63061127313@test.com,123,(11) 11111-1111,63061127313,FEMALE,APARTAMENTO
test,user,02179-000,testuser-54750147362@test.com,123,(11) 11111-1111,54750147362,MALE,APARTAMENTO
test,user,02179-000,testuser-37103152209@test.com,123,(11) 11111-1111,37103152209,FEMALE,APARTAMENTO
test,user,02179-000,testuser-22622535287@test.com,123,(11) 11111-1111,22622535287,MALE,APARTAMENTO
test,user,02179-000,testuser-80812305302@test.com,123,(11) 11111-1111,80812305302,FEMALE,APARTAMENTO
test,user,02179-000,testuser-72683473320@test.com,123,(11) 11111-1111,72683473320,MALE,APARTAMENTO
test,user,02179-000,testuser-38624116562@test.com,123,(11) 11111-1111,38624116562,FEMALE,APARTAMENTO
test,user,02179-000,testuser-37505266560@test.com,123,(11) 11111-1111,37505266560,MALE,APARTAMENTO
test,user,02179-000,testuser-24380256030@test.com,123,(11) 11111-1111,24380256030,FEMALE,APARTAMENTO
test,user,02179-000,testuser-64166401718@test.com,123,(11) 11111-1111,64166401718,MALE,APARTAMENTO
test,user,02179-000,testuser-24638361307@test.com,123,(11) 11111-1111,24638361307,FEMALE,APARTAMENTO
test,user,02179-000,testuser-56456040590@test.com,123,(11) 11111-1111,56456040590,MALE,APARTAMENTO
test,user,02179-000,testuser-64755542278@test.com,123,(11) 11111-1111,64755542278,FEMALE,APARTAMENTO
test,user,02179-000,testuser-34726305310@test.com,123,(11) 11111-1111,34726305310,MALE,APARTAMENTO
test,user,02179-000,testuser-82857570309@test.com,123,(11) 11111-1111,82857570309,FEMALE,APARTAMENTO
test,user,02179-000,testuser-65458725409@test.com,123,(11) 11111-1111,65458725409,MALE,APARTAMENTO
test,user,02179-000,testuser-56715040583@test.com,123,(11) 11111-1111,56715040583,FEMALE,APARTAMENTO
test,user,02179-000,testuser-64837467334@test.com,123,(11) 11111-1111,64837467334,MALE,APARTAMENTO
test,user,02179-000,testuser-17843078150@test.com,123,(11) 11111-1111,17843078150,FEMALE,APARTAMENTO
test,user,02179-000,testuser-73547228557@test.com,123,(11) 11111-1111,73547228557,MALE,APARTAMENTO
test,user,02179-000,testuser-85131232856@test.com,123,(11) 11111-1111,85131232856,FEMALE,APARTAMENTO
test,user,02179-000,testuser-74237224309@test.com,123,(11) 11111-1111,74237224309,MALE,APARTAMENTO
test,user,02179-000,testuser-55776387043@test.com,123,(11) 11111-1111,55776387043,FEMALE,APARTAMENTO
test,user,02179-000,testuser-74181381803@test.com,123,(11) 11111-1111,74181381803,MALE,APARTAMENTO
test,user,02179-000,testuser-68483863596@test.com,123,(11) 11111-1111,68483863596,FEMALE,APARTAMENTO
test,user,02179-000,testuser-68526384805@test.com,123,(11) 11111-1111,68526384805,MALE,APARTAMENTO
test,user,02179-000,testuser-85522585790@test.com,123,(11) 11111-1111,85522585790,FEMALE,APARTAMENTO
test,user,02179-000,testuser-63283758166@test.com,123,(11) 11111-1111,63283758166,MALE,APARTAMENTO
test,user,02179-000,testuser-62507318651@test.com,123,(11) 11111-1111,62507318651,FEMALE,APARTAMENTO
test,user,02179-000,testuser-45667625210@test.com,123,(11) 11111-1111,45667625210,MALE,APARTAMENTO
test,user,02179-000,testuser-37036130253@test.com,123,(11) 11111-1111,37036130253,FEMALE,APARTAMENTO
test,user,02179-000,testuser-13068662192@test.com,123,(11) 11111-1111,13068662192,MALE,APARTAMENTO
test,user,02179-000,testuser-61616421070@test.com,123,(11) 11111-1111,61616421070,FEMALE,APARTAMENTO
test,user,02179-000,testuser-85543783264@test.com,123,(11) 11111-1111,85543783264,MALE,APARTAMENTO
test,user,02179-000,testuser-87077144160@test.com,123,(11) 11111-1111,87077144160,FEMALE,APARTAMENTO
test,user,02179-000,testuser-58327238728@test.com,123,(11) 11111-1111,58327238728,MALE,APARTAMENTO
test,user,02179-000,testuser-02622672250@test.com,123,(11) 11111-1111,2622672250,FEMALE,APARTAMENTO
test,user,02179-000,testuser-40187603022@test.com,123,(11) 11111-1111,40187603022,MALE,APARTAMENTO
test,user,02179-000,testuser-32840747596@test.com,123,(11) 11111-1111,32840747596,FEMALE,APARTAMENTO
test,user,02179-000,testuser-62752662360@test.com,123,(11) 11111-1111,62752662360,MALE,APARTAMENTO
test,user,02179-000,testuser-78523274510@test.com,123,(11) 11111-1111,78523274510,FEMALE,APARTAMENTO
test,user,02179-000,testuser-18862241100@test.com,123,(11) 11111-1111,18862241100,MALE,APARTAMENTO
test,user,02179-000,testuser-04063564592@test.com,123,(11) 11111-1111,4063564592,FEMALE,APARTAMENTO
test,user,02179-000,testuser-24785552719@test.com,123,(11) 11111-1111,24785552719,MALE,APARTAMENTO
test,user,02179-000,testuser-23121715208@test.com,123,(11) 11111-1111,23121715208,FEMALE,APARTAMENTO
test,user,02179-000,testuser-24723335013@test.com,123,(11) 11111-1111,24723335013,MALE,APARTAMENTO
test,user,02179-000,testuser-63820286578@test.com,123,(11) 11111-1111,63820286578,FEMALE,APARTAMENTO
test,user,02179-000,testuser-83530084328@test.com,123,(11) 11111-1111,83530084328,MALE,APARTAMENTO
test,user,02179-000,testuser-38441647747@test.com,123,(11) 11111-1111,38441647747,FEMALE,APARTAMENTO
test,user,02179-000,testuser-77441107571@test.com,123,(11) 11111-1111,77441107571,MALE,APARTAMENTO
test,user,02179-000,testuser-57480600275@test.com,123,(11) 11111-1111,57480600275,FEMALE,APARTAMENTO
test,user,02179-000,testuser-77662830420@test.com,123,(11) 11111-1111,77662830420,MALE,APARTAMENTO
test,user,02179-000,testuser-68521044607@test.com,123,(11) 11111-1111,68521044607,FEMALE,APARTAMENTO
test,user,02179-000,testuser-03181418765@test.com,123,(11) 11111-1111,3181418765,MALE,APARTAMENTO
test,user,02179-000,testuser-61168324408@test.com,123,(11) 11111-1111,61168324408,FEMALE,APARTAMENTO
test,user,02179-000,testuser-58874331835@test.com,123,(11) 11111-1111,58874331835,MALE,APARTAMENTO
test,user,02179-000,testuser-77370564088@test.com,123,(11) 11111-1111,77370564088,FEMALE,APARTAMENTO
test,user,02179-000,testuser-60348175361@test.com,123,(11) 11111-1111,60348175361,MALE,APARTAMENTO
test,user,02179-000,testuser-21232158135@test.com,123,(11) 11111-1111,21232158135,FEMALE,APARTAMENTO
test,user,02179-000,testuser-37321667243@test.com,123,(11) 11111-1111,37321667243,MALE,APARTAMENTO
test,user,02179-000,testuser-80580146219@test.com,123,(11) 11111-1111,80580146219,FEMALE,APARTAMENTO
test,user,02179-000,testuser-12843683785@test.com,123,(11) 11111-1111,12843683785,MALE,APARTAMENTO
test,user,02179-000,testuser-24513134127@test.com,123,(11) 11111-1111,24513134127,FEMALE,APARTAMENTO
test,user,02179-000,testuser-88041242707@test.com,123,(11) 11111-1111,88041242707,MALE,APARTAMENTO
test,user,02179-000,testuser-74831464600@test.com,123,(11) 11111-1111,74831464600,FEMALE,APARTAMENTO
test,user,02179-000,testuser-17804114303@test.com,123,(11) 11111-1111,17804114303,MALE,APARTAMENTO
test,user,02179-000,testuser-61182421270@test.com,123,(11) 11111-1111,61182421270,FEMALE,APARTAMENTO
test,user,02179-000,testuser-24343444376@test.com,123,(11) 11111-1111,24343444376,MALE,APARTAMENTO
test,user,02179-000,testuser-46030573268@test.com,123,(11) 11111-1111,46030573268,FEMALE,APARTAMENTO
test,user,02179-000,testuser-21870256832@test.com,123,(11) 11111-1111,21870256832,MALE,APARTAMENTO
test,user,02179-000,testuser-05728840019@test.com,123,(11) 11111-1111,5728840019,FEMALE,APARTAMENTO
test,user,02179-000,testuser-66286766332@test.com,123,(11) 11111-1111,66286766332,MALE,APARTAMENTO
test,user,02179-000,testuser-05273570301@test.com,123,(11) 11111-1111,5273570301,FEMALE,APARTAMENTO
test,user,02179-000,testuser-22188387457@test.com,123,(11) 11111-1111,22188387457,MALE,APARTAMENTO
test,user,02179-000,testuser-17854023824@test.com,123,(11) 11111-1111,17854023824,FEMALE,APARTAMENTO
test,user,02179-000,testuser-33147741338@test.com,123,(11) 11111-1111,33147741338,MALE,APARTAMENTO
test,user,02179-000,testuser-27756403541@test.com,123,(11) 11111-1111,27756403541,FEMALE,APARTAMENTO
test,user,02179-000,testuser-44074244780@test.com,123,(11) 11111-1111,44074244780,MALE,APARTAMENTO
test,user,02179-000,testuser-75764065429@test.com,123,(11) 11111-1111,75764065429,FEMALE,APARTAMENTO
test,user,02179-000,testuser-48878566527@test.com,123,(11) 11111-1111,48878566527,MALE,APARTAMENTO
test,user,02179-000,testuser-71275288707@test.com,123,(11) 11111-1111,71275288707,FEMALE,APARTAMENTO
test,user,02179-000,testuser-53545750019@test.com,123,(11) 11111-1111,53545750019,MALE,APARTAMENTO
test,user,02179-000,testuser-00148478255@test.com,123,(11) 11111-1111,148478255,FEMALE,APARTAMENTO
test,user,02179-000,testuser-01544436467@test.com,123,(11) 11111-1111,1544436467,MALE,APARTAMENTO
test,user,02179-000,testuser-20137484429@test.com,123,(11) 11111-1111,20137484429,FEMALE,APARTAMENTO
test,user,02179-000,testuser-30254116191@test.com,123,(11) 11111-1111,30254116191,MALE,APARTAMENTO
test,user,02179-000,testuser-07813483316@test.com,123,(11) 11111-1111,7813483316,FEMALE,APARTAMENTO
test,user,02179-000,testuser-56106550565@test.com,123,(11) 11111-1111,56106550565,MALE,APARTAMENTO
test,user,02179-000,testuser-23062450290@test.com,123,(11) 11111-1111,23062450290,FEMALE,APARTAMENTO
test,user,02179-000,testuser-41302140043@test.com,123,(11) 11111-1111,41302140043,MALE,APARTAMENTO
test,user,02179-000,testuser-25280156159@test.com,123,(11) 11111-1111,25280156159,FEMALE,APARTAMENTO
test,user,02179-000,testuser-87101428355@test.com,123,(11) 11111-1111,87101428355,MALE,APARTAMENTO
test,user,02179-000,testuser-84128518620@test.com,123,(11) 11111-1111,84128518620,FEMALE,APARTAMENTO
test,user,02179-000,testuser-01111450072@test.com,123,(11) 11111-1111,1111450072,MALE,APARTAMENTO
test,user,02179-000,testuser-22518082484@test.com,123,(11) 11111-1111,22518082484,FEMALE,APARTAMENTO
test,user,02179-000,testuser-70585827427@test.com,123,(11) 11111-1111,70585827427,MALE,APARTAMENTO
test,user,02179-000,testuser-54570536280@test.com,123,(11) 11111-1111,54570536280,FEMALE,APARTAMENTO
test,user,02179-000,testuser-26776431701@test.com,123,(11) 11111-1111,26776431701,MALE,APARTAMENTO
test,user,02179-000,testuser-81340025795@test.com,123,(11) 11111-1111,81340025795,FEMALE,APARTAMENTO
test,user,02179-000,testuser-50236721313@test.com,123,(11) 11111-1111,50236721313,MALE,APARTAMENTO
test,user,02179-000,testuser-80235122777@test.com,123,(11) 11111-1111,80235122777,FEMALE,APARTAMENTO
test,user,02179-000,testuser-37605008031@test.com,123,(11) 11111-1111,37605008031,MALE,APARTAMENTO
test,user,02179-000,testuser-32247217150@test.com,123,(11) 11111-1111,32247217150,FEMALE,APARTAMENTO
test,user,02179-000,testuser-15138535544@test.com,123,(11) 11111-1111,15138535544,MALE,APARTAMENTO
test,user,02179-000,testuser-81530413710@test.com,123,(11) 11111-1111,81530413710,FEMALE,APARTAMENTO
test,user,02179-000,testuser-53175757618@test.com,123,(11) 11111-1111,53175757618,MALE,APARTAMENTO
test,user,02179-000,testuser-14151525602@test.com,123,(11) 11111-1111,14151525602,FEMALE,APARTAMENTO
test,user,02179-000,testuser-14055017740@test.com,123,(11) 11111-1111,14055017740,MALE,APARTAMENTO
test,user,02179-000,testuser-08743431860@test.com,123,(11) 11111-1111,8743431860,FEMALE,APARTAMENTO
test,user,02179-000,testuser-45655677334@test.com,123,(11) 11111-1111,45655677334,MALE,APARTAMENTO
test,user,02179-000,testuser-36703521123@test.com,123,(11) 11111-1111,36703521123,FEMALE,APARTAMENTO
test,user,02179-000,testuser-56306787607@test.com,123,(11) 11111-1111,56306787607,MALE,APARTAMENTO
test,user,02179-000,testuser-51623461367@test.com,123,(11) 11111-1111,51623461367,FEMALE,APARTAMENTO
test,user,02179-000,testuser-51317521161@test.com,123,(11) 11111-1111,51317521161,MALE,APARTAMENTO
test,user,02179-000,testuser-15551131688@test.com,123,(11) 11111-1111,15551131688,FEMALE,APARTAMENTO
test,user,02179-000,testuser-06271342892@test.com,123,(11) 11111-1111,6271342892,MALE,APARTAMENTO
test,user,02179-000,testuser-42388767849@test.com,123,(11) 11111-1111,42388767849,FEMALE,APARTAMENTO
test,user,02179-000,testuser-14186750670@test.com,123,(11) 11111-1111,14186750670,MALE,APARTAMENTO
test,user,02179-000,testuser-83844380302@test.com,123,(11) 11111-1111,83844380302,FEMALE,APARTAMENTO
test,user,02179-000,testuser-30368538125@test.com,123,(11) 11111-1111,30368538125,MALE,APARTAMENTO
test,user,02179-000,testuser-14022717270@test.com,123,(11) 11111-1111,14022717270,FEMALE,APARTAMENTO
test,user,02179-000,testuser-13137606179@test.com,123,(11) 11111-1111,13137606179,MALE,APARTAMENTO
test,user,02179-000,testuser-56150143260@test.com,123,(11) 11111-1111,56150143260,FEMALE,APARTAMENTO
test,user,02179-000,testuser-88786076817@test.com,123,(11) 11111-1111,88786076817,MALE,APARTAMENTO
test,user,02179-000,testuser-18534067325@test.com,123,(11) 11111-1111,18534067325,FEMALE,APARTAMENTO
test,user,02179-000,testuser-50743184327@test.com,123,(11) 11111-1111,50743184327,MALE,APARTAMENTO
test,user,02179-000,testuser-32123732028@test.com,123,(11) 11111-1111,32123732028,FEMALE,APARTAMENTO
test,user,02179-000,testuser-10563277238@test.com,123,(11) 11111-1111,10563277238,MALE,APARTAMENTO
test,user,02179-000,testuser-86207405390@test.com,123,(11) 11111-1111,86207405390,FEMALE,APARTAMENTO
test,user,02179-000,testuser-00085614513@test.com,123,(11) 11111-1111,85614513,MALE,APARTAMENTO
test,user,02179-000,testuser-11235855635@test.com,123,(11) 11111-1111,11235855635,FEMALE,APARTAMENTO
test,user,02179-000,testuser-03731607476@test.com,123,(11) 11111-1111,3731607476,MALE,APARTAMENTO
test,user,02179-000,testuser-72140000838@test.com,123,(11) 11111-1111,72140000838,FEMALE,APARTAMENTO
test,user,02179-000,testuser-72737802784@test.com,123,(11) 11111-1111,72737802784,MALE,APARTAMENTO
test,user,02179-000,testuser-41007637439@test.com,123,(11) 11111-1111,41007637439,FEMALE,APARTAMENTO
test,user,02179-000,testuser-11532150202@test.com,123,(11) 11111-1111,11532150202,MALE,APARTAMENTO
test,user,02179-000,testuser-16883634592@test.com,123,(11) 11111-1111,16883634592,FEMALE,APARTAMENTO
test,user,02179-000,testuser-71032076402@test.com,123,(11) 11111-1111,71032076402,MALE,APARTAMENTO
test,user,02179-000,testuser-44647677370@test.com,123,(11) 11111-1111,44647677370,FEMALE,APARTAMENTO
test,user,02179-000,testuser-07075716425@test.com,123,(11) 11111-1111,7075716425,MALE,APARTAMENTO
test,user,02179-000,testuser-37348255205@test.com,123,(11) 11111-1111,37348255205,FEMALE,APARTAMENTO
test,user,02179-000,testuser-11472867360@test.com,123,(11) 11111-1111,11472867360,MALE,APARTAMENTO
test,user,02179-000,testuser-42546235346@test.com,123,(11) 11111-1111,42546235346,FEMALE,APARTAMENTO
test,user,02179-000,testuser-11616087617@test.com,123,(11) 11111-1111,11616087617,MALE,APARTAMENTO
test,user,02179-000,testuser-54672182045@test.com,123,(11) 11111-1111,54672182045,FEMALE,APARTAMENTO
test,user,02179-000,testuser-02087353050@test.com,123,(11) 11111-1111,2087353050,MALE,APARTAMENTO
test,user,02179-000,testuser-64530031713@test.com,123,(11) 11111-1111,64530031713,FEMALE,APARTAMENTO
test,user,02179-000,testuser-42784657426@test.com,123,(11) 11111-1111,42784657426,MALE,APARTAMENTO
test,user,02179-000,testuser-66365821034@test.com,123,(11) 11111-1111,66365821034,FEMALE,APARTAMENTO
test,user,02179-000,testuser-18022687073@test.com,123,(11) 11111-1111,18022687073,MALE,APARTAMENTO
test,user,02179-000,testuser-57040005255@test.com,123,(11) 11111-1111,57040005255,FEMALE,APARTAMENTO
test,user,02179-000,testuser-56010082218@test.com,123,(11) 11111-1111,56010082218,MALE,APARTAMENTO
test,user,02179-000,testuser-16446747349@test.com,123,(11) 11111-1111,16446747349,FEMALE,APARTAMENTO
test,user,02179-000,testuser-42106061110@test.com,123,(11) 11111-1111,42106061110,MALE,APARTAMENTO
test,user,02179-000,testuser-80252441214@test.com,123,(11) 11111-1111,80252441214,FEMALE,APARTAMENTO
test,user,02179-000,testuser-87402025187@test.com,123,(11) 11111-1111,87402025187,MALE,APARTAMENTO
test,user,02179-000,testuser-50122057236@test.com,123,(11) 11111-1111,50122057236,FEMALE,APARTAMENTO
test,user,02179-000,testuser-13644020507@test.com,123,(11) 11111-1111,13644020507,MALE,APARTAMENTO
test,user,02179-000,testuser-55262566006@test.com,123,(11) 11111-1111,55262566006,FEMALE,APARTAMENTO
test,user,02179-000,testuser-48135482612@test.com,123,(11) 11111-1111,48135482612,MALE,APARTAMENTO
test,user,02179-000,testuser-78257258830@test.com,123,(11) 11111-1111,78257258830,FEMALE,APARTAMENTO
test,user,02179-000,testuser-73400265683@test.com,123,(11) 11111-1111,73400265683,MALE,APARTAMENTO
test,user,02179-000,testuser-36280381706@test.com,123,(11) 11111-1111,36280381706,FEMALE,APARTAMENTO
test,user,02179-000,testuser-58182668506@test.com,123,(11) 11111-1111,58182668506,MALE,APARTAMENTO
test,user,02179-000,testuser-68721243263@test.com,123,(11) 11111-1111,68721243263,FEMALE,APARTAMENTO
test,user,02179-000,testuser-38788221113@test.com,123,(11) 11111-1111,38788221113,MALE,APARTAMENTO
test,user,02179-000,testuser-73720536840@test.com,123,(11) 11111-1111,73720536840,FEMALE,APARTAMENTO
test,user,02179-000,testuser-78136076600@test.com,123,(11) 11111-1111,78136076600,MALE,APARTAMENTO
test,user,02179-000,testuser-58501223115@test.com,123,(11) 11111-1111,58501223115,FEMALE,APARTAMENTO
test,user,02179-000,testuser-35544831769@test.com,123,(11) 11111-1111,35544831769,MALE,APARTAMENTO
test,user,02179-000,testuser-30823673057@test.com,123,(11) 11111-1111,30823673057,FEMALE,APARTAMENTO
test,user,02179-000,testuser-82888536846@test.com,123,(11) 11111-1111,82888536846,MALE,APARTAMENTO
test,user,02179-000,testuser-23336145015@test.com,123,(11) 11111-1111,23336145015,FEMALE,APARTAMENTO
test,user,02179-000,testuser-15538572161@test.com,123,(11) 11111-1111,15538572161,MALE,APARTAMENTO
test,user,02179-000,testuser-67046841152@test.com,123,(11) 11111-1111,67046841152,FEMALE,APARTAMENTO
test,user,02179-000,testuser-67343318497@test.com,123,(11) 11111-1111,67343318497,MALE,APARTAMENTO
test,user,02179-000,testuser-51247487377@test.com,123,(11) 11111-1111,51247487377,FEMALE,APARTAMENTO
test,user,02179-000,testuser-58242208751@test.com,123,(11) 11111-1111,58242208751,MALE,APARTAMENTO
test,user,02179-000,testuser-22785487605@test.com,123,(11) 11111-1111,22785487605,FEMALE,APARTAMENTO
test,user,02179-000,testuser-67154450797@test.com,123,(11) 11111-1111,67154450797,MALE,APARTAMENTO
test,user,02179-000,testuser-85225084028@test.com,123,(11) 11111-1111,85225084028,FEMALE,APARTAMENTO
test,user,02179-000,testuser-41563810808@test.com,123,(11) 11111-1111,41563810808,MALE,APARTAMENTO
test,user,02179-000,testuser-57312513476@test.com,123,(11) 11111-1111,57312513476,FEMALE,APARTAMENTO
test,user,02179-000,testuser-11486027717@test.com,123,(11) 11111-1111,11486027717,MALE,APARTAMENTO
test,user,02179-000,testuser-60706581326@test.com,123,(11) 11111-1111,60706581326,FEMALE,APARTAMENTO
test,user,02179-000,testuser-24476543081@test.com,123,(11) 11111-1111,24476543081,MALE,APARTAMENTO
test,user,02179-000,testuser-07215004805@test.com,123,(11) 11111-1111,7215004805,FEMALE,APARTAMENTO
test,user,02179-000,testuser-40017157323@test.com,123,(11) 11111-1111,40017157323,MALE,APARTAMENTO
test,user,02179-000,testuser-04633426745@test.com,123,(11) 11111-1111,4633426745,FEMALE,APARTAMENTO
test,user,02179-000,testuser-52880418062@test.com,123,(11) 11111-1111,52880418062,MALE,APARTAMENTO
test,user,02179-000,testuser-42521521515@test.com,123,(11) 11111-1111,42521521515,FEMALE,APARTAMENTO
test,user,02179-000,testuser-63770382161@test.com,123,(11) 11111-1111,63770382161,MALE,APARTAMENTO
test,user,02179-000,testuser-47660265270@test.com,123,(11) 11111-1111,47660265270,FEMALE,APARTAMENTO
test,user,02179-000,testuser-01281226416@test.com,123,(11) 11111-1111,1281226416,MALE,APARTAMENTO
test,user,02179-000,testuser-71668500787@test.com,123,(11) 11111-1111,71668500787,FEMALE,APARTAMENTO
test,user,02179-000,testuser-33408211191@test.com,123,(11) 11111-1111,33408211191,MALE,APARTAMENTO
test,user,02179-000,testuser-86322250060@test.com,123,(11) 11111-1111,86322250060,FEMALE,APARTAMENTO
test,user,02179-000,testuser-76337257880@test.com,123,(11) 11111-1111,76337257880,MALE,APARTAMENTO
test,user,02179-000,testuser-03401704680@test.com,123,(11) 11111-1111,3401704680,FEMALE,APARTAMENTO
test,user,02179-000,testuser-46077564150@test.com,123,(11) 11111-1111,46077564150,MALE,APARTAMENTO
test,user,02179-000,testuser-60135448751@test.com,123,(11) 11111-1111,60135448751,FEMALE,APARTAMENTO
test,user,02179-000,testuser-03554344826@test.com,123,(11) 11111-1111,3554344826,MALE,APARTAMENTO
test,user,02179-000,testuser-31611374855@test.com,123,(11) 11111-1111,31611374855,FEMALE,APARTAMENTO
test,user,02179-000,testuser-80252434277@test.com,123,(11) 11111-1111,80252434277,MALE,APARTAMENTO
test,user,02179-000,testuser-66827638081@test.com,123,(11) 11111-1111,66827638081,FEMALE,APARTAMENTO
test,user,02179-000,testuser-56262170103@test.com,123,(11) 11111-1111,56262170103,MALE,APARTAMENTO
test,user,02179-000,testuser-25775214137@test.com,123,(11) 11111-1111,25775214137,FEMALE,APARTAMENTO
test,user,02179-000,testuser-30322043131@test.com,123,(11) 11111-1111,30322043131,MALE,APARTAMENTO
test,user,02179-000,testuser-34135215866@test.com,123,(11) 11111-1111,34135215866,FEMALE,APARTAMENTO
test,user,02179-000,testuser-36310742809@test.com,123,(11) 11111-1111,36310742809,MALE,APARTAMENTO
test,user,02179-000,testuser-13217758307@test.com,123,(11) 11111-1111,13217758307,FEMALE,APARTAMENTO
test,user,02179-000,testuser-73364228884@test.com,123,(11) 11111-1111,73364228884,MALE,APARTAMENTO
test,user,02179-000,testuser-41841001120@test.com,123,(11) 11111-1111,41841001120,FEMALE,APARTAMENTO
test,user,02179-000,testuser-05070418602@test.com,123,(11) 11111-1111,5070418602,MALE,APARTAMENTO
test,user,02179-000,testuser-88824380743@test.com,123,(11) 11111-1111,88824380743,FEMALE,APARTAMENTO
test,user,02179-000,testuser-38234685295@test.com,123,(11) 11111-1111,38234685295,MALE,APARTAMENTO
test,user,02179-000,testuser-54185173504@test.com,123,(11) 11111-1111,54185173504,FEMALE,APARTAMENTO
test,user,02179-000,testuser-18372163120@test.com,123,(11) 11111-1111,18372163120,MALE,APARTAMENTO
test,user,02179-000,testuser-07167615722@test.com,123,(11) 11111-1111,7167615722,FEMALE,APARTAMENTO
test,user,02179-000,testuser-85658651506@test.com,123,(11) 11111-1111,85658651506,MALE,APARTAMENTO
test,user,02179-000,testuser-72174780224@test.com,123,(11) 11111-1111,72174780224,FEMALE,APARTAMENTO
test,user,02179-000,testuser-41607050145@test.com,123,(11) 11111-1111,41607050145,MALE,APARTAMENTO
test,user,02179-000,testuser-32085487530@test.com,123,(11) 11111-1111,32085487530,FEMALE,APARTAMENTO
test,user,02179-000,testuser-45547654159@test.com,123,(11) 11111-1111,45547654159,MALE,APARTAMENTO
test,user,02179-000,testuser-30262110288@test.com,123,(11) 11111-1111,30262110288,FEMALE,APARTAMENTO
test,user,02179-000,testuser-46128457142@test.com,123,(11) 11111-1111,46128457142,MALE,APARTAMENTO
test,user,02179-000,testuser-02455164500@test.com,123,(11) 11111-1111,2455164500,FEMALE,APARTAMENTO
test,user,02179-000,testuser-07724085218@test.com,123,(11) 11111-1111,7724085218,MALE,APARTAMENTO
test,user,02179-000,testuser-87581086100@test.com,123,(11) 11111-1111,87581086100,FEMALE,APARTAMENTO
test,user,02179-000,testuser-05040333285@test.com,123,(11) 11111-1111,5040333285,MALE,APARTAMENTO
test,user,02179-000,testuser-41288530706@test.com,123,(11) 11111-1111,41288530706,FEMALE,APARTAMENTO
test,user,02179-000,testuser-87726851155@test.com,123,(11) 11111-1111,87726851155,MALE,APARTAMENTO
test,user,02179-000,testuser-10273303805@test.com,123,(11) 11111-1111,10273303805,FEMALE,APARTAMENTO
test,user,02179-000,testuser-80434666106@test.com,123,(11) 11111-1111,80434666106,MALE,APARTAMENTO
test,user,02179-000,testuser-40878117008@test.com,123,(11) 11111-1111,40878117008,FEMALE,APARTAMENTO
test,user,02179-000,testuser-45587810089@test.com,123,(11) 11111-1111,45587810089,MALE,APARTAMENTO
test,user,02179-000,testuser-33442201284@test.com,123,(11) 11111-1111,33442201284,FEMALE,APARTAMENTO
test,user,02179-000,testuser-68307424046@test.com,123,(11) 11111-1111,68307424046,MALE,APARTAMENTO
test,user,02179-000,testuser-25166443373@test.com,123,(11) 11111-1111,25166443373,FEMALE,APARTAMENTO
test,user,02179-000,testuser-77102043503@test.com,123,(11) 11111-1111,77102043503,MALE,APARTAMENTO
test,user,02179-000,testuser-70122571304@test.com,123,(11) 11111-1111,70122571304,FEMALE,APARTAMENTO
test,user,02179-000,testuser-22204617857@test.com,123,(11) 11111-1111,22204617857,MALE,APARTAMENTO
test,user,02179-000,testuser-34566778045@test.com,123,(11) 11111-1111,34566778045,FEMALE,APARTAMENTO
test,user,02179-000,testuser-87853151098@test.com,123,(11) 11111-1111,87853151098,MALE,APARTAMENTO
test,user,02179-000,testuser-55652534206@test.com,123,(11) 11111-1111,55652534206,FEMALE,APARTAMENTO
test,user,02179-000,testuser-47558676657@test.com,123,(11) 11111-1111,47558676657,MALE,APARTAMENTO
test,user,02179-000,testuser-58861523340@test.com,123,(11) 11111-1111,58861523340,FEMALE,APARTAMENTO
test,user,02179-000,testuser-56643358400@test.com,123,(11) 11111-1111,56643358400,MALE,APARTAMENTO
test,user,02179-000,testuser-38552478544@test.com,123,(11) 11111-1111,38552478544,FEMALE,APARTAMENTO
test,user,02179-000,testuser-21835802591@test.com,123,(11) 11111-1111,21835802591,MALE,APARTAMENTO
test,user,02179-000,testuser-26735480686@test.com,123,(11) 11111-1111,26735480686,FEMALE,APARTAMENTO
test,user,02179-000,testuser-80253271401@test.com,123,(11) 11111-1111,80253271401,MALE,APARTAMENTO
test,user,02179-000,testuser-80751355470@test.com,123,(11) 11111-1111,80751355470,FEMALE,APARTAMENTO
test,user,02179-000,testuser-71664403175@test.com,123,(11) 11111-1111,71664403175,MALE,APARTAMENTO
test,user,02179-000,testuser-75863256850@test.com,123,(11) 11111-1111,75863256850,FEMALE,APARTAMENTO
test,user,02179-000,testuser-06371657569@test.com,123,(11) 11111-1111,6371657569,MALE,APARTAMENTO
test,user,02179-000,testuser-41426517149@test.com,123,(11) 11111-1111,41426517149,FEMALE,APARTAMENTO
test,user,02179-000,testuser-88654325518@test.com,123,(11) 11111-1111,88654325518,MALE,APARTAMENTO
test,user,02179-000,testuser-30446444707@test.com,123,(11) 11111-1111,30446444707,FEMALE,APARTAMENTO
test,user,02179-000,testuser-64605856013@test.com,123,(11) 11111-1111,64605856013,MALE,APARTAMENTO
test,user,02179-000,testuser-17831712356@test.com,123,(11) 11111-1111,17831712356,FEMALE,APARTAMENTO
test,user,02179-000,testuser-36073023758@test.com,123,(11) 11111-1111,36073023758,MALE,APARTAMENTO
test,user,02179-000,testuser-81864046007@test.com,123,(11) 11111-1111,81864046007,FEMALE,APARTAMENTO
test,user,02179-000,testuser-81645638707@test.com,123,(11) 11111-1111,81645638707,MALE,APARTAMENTO
test,user,02179-000,testuser-46371028715@test.com,123,(11) 11111-1111,46371028715,FEMALE,APARTAMENTO
test,user,02179-000,testuser-25608814703@test.com,123,(11) 11111-1111,25608814703,MALE,APARTAMENTO
test,user,02179-000,testuser-17816062699@test.com,123,(11) 11111-1111,17816062699,FEMALE,APARTAMENTO
test,user,02179-000,testuser-00371502276@test.com,123,(11) 11111-1111,371502276,MALE,APARTAMENTO
test,user,02179-000,testuser-52621670636@test.com,123,(11) 11111-1111,52621670636,FEMALE,APARTAMENTO
test,user,02179-000,testuser-57805354421@test.com,123,(11) 11111-1111,57805354421,MALE,APARTAMENTO
test,user,02179-000,testuser-02323384341@test.com,123,(11) 11111-1111,2323384341,FEMALE,APARTAMENTO
test,user,02179-000,testuser-36526808638@test.com,123,(11) 11111-1111,36526808638,MALE,APARTAMENTO
test,user,02179-000,testuser-04020565660@test.com,123,(11) 11111-1111,4020565660,FEMALE,APARTAMENTO
test,user,02179-000,testuser-26512336097@test.com,123,(11) 11111-1111,26512336097,MALE,APARTAMENTO
test,user,02179-000,testuser-23575660352@test.com,123,(11) 11111-1111,23575660352,FEMALE,APARTAMENTO
test,user,02179-000,testuser-47088132605@test.com,123,(11) 11111-1111,47088132605,MALE,APARTAMENTO
test,user,02179-000,testuser-67466057870@test.com,123,(11) 11111-1111,67466057870,FEMALE,APARTAMENTO
test,user,02179-000,testuser-43275707108@test.com,123,(11) 11111-1111,43275707108,MALE,APARTAMENTO
test,user,02179-000,testuser-62510787748@test.com,123,(11) 11111-1111,62510787748,FEMALE,APARTAMENTO
test,user,02179-000,testuser-80884044360@test.com,123,(11) 11111-1111,80884044360,MALE,APARTAMENTO
test,user,02179-000,testuser-87184708407@test.com,123,(11) 11111-1111,87184708407,FEMALE,APARTAMENTO
test,user,02179-000,testuser-87480136331@test.com,123,(11) 11111-1111,87480136331,MALE,APARTAMENTO
test,user,02179-000,testuser-25606227428@test.com,123,(11) 11111-1111,25606227428,FEMALE,APARTAMENTO
test,user,02179-000,testuser-77782322006@test.com,123,(11) 11111-1111,77782322006,MALE,APARTAMENTO
test,user,02179-000,testuser-42730027106@test.com,123,(11) 11111-1111,42730027106,FEMALE,APARTAMENTO
test,user,02179-000,testuser-52647175594@test.com,123,(11) 11111-1111,52647175594,MALE,APARTAMENTO
test,user,02179-000,testuser-57281155352@test.com,123,(11) 11111-1111,57281155352,FEMALE,APARTAMENTO
test,user,02179-000,testuser-55714468708@test.com,123,(11) 11111-1111,55714468708,MALE,APARTAMENTO
test,user,02179-000,testuser-32434043046@test.com,123,(11) 11111-1111,32434043046,FEMALE,APARTAMENTO
test,user,02179-000,testuser-55564777280@test.com,123,(11) 11111-1111,55564777280,MALE,APARTAMENTO
test,user,02179-000,testuser-55110677689@test.com,123,(11) 11111-1111,55110677689,FEMALE,APARTAMENTO
test,user,02179-000,testuser-14886011004@test.com,123,(11) 11111-1111,14886011004,MALE,APARTAMENTO
test,user,02179-000,testuser-58034325554@test.com,123,(11) 11111-1111,58034325554,FEMALE,APARTAMENTO
test,user,02179-000,testuser-26237223070@test.com,123,(11) 11111-1111,26237223070,MALE,APARTAMENTO
test,user,02179-000,testuser-70860242609@test.com,123,(11) 11111-1111,70860242609,FEMALE,APARTAMENTO
test,user,02179-000,testuser-32466556502@test.com,123,(11) 11111-1111,32466556502,MALE,APARTAMENTO
test,user,02179-000,testuser-17172030516@test.com,123,(11) 11111-1111,17172030516,FEMALE,APARTAMENTO
test,user,02179-000,testuser-52111748102@test.com,123,(11) 11111-1111,52111748102,MALE,APARTAMENTO
test,user,02179-000,testuser-55680414074@test.com,123,(11) 11111-1111,55680414074,FEMALE,APARTAMENTO
test,user,02179-000,testuser-13461524387@test.com,123,(11) 11111-1111,13461524387,MALE,APARTAMENTO
test,user,02179-000,testuser-82274401420@test.com,123,(11) 11111-1111,82274401420,FEMALE,APARTAMENTO
test,user,02179-000,testuser-63444052790@test.com,123,(11) 11111-1111,63444052790,MALE,APARTAMENTO
test,user,02179-000,testuser-26160417150@test.com,123,(11) 11111-1111,26160417150,FEMALE,APARTAMENTO
test,user,02179-000,testuser-63805352093@test.com,123,(11) 11111-1111,63805352093,MALE,APARTAMENTO
test,user,02179-000,testuser-34368408314@test.com,123,(11) 11111-1111,34368408314,FEMALE,APARTAMENTO
test,user,02179-000,testuser-31381405720@test.com,123,(11) 11111-1111,31381405720,MALE,APARTAMENTO
test,user,02179-000,testuser-44735448420@test.com,123,(11) 11111-1111,44735448420,FEMALE,APARTAMENTO
test,user,02179-000,testuser-74125368260@test.com,123,(11) 11111-1111,74125368260,MALE,APARTAMENTO
test,user,02179-000,testuser-74153137472@test.com,123,(11) 11111-1111,74153137472,FEMALE,APARTAMENTO
test,user,02179-000,testuser-21205105204@test.com,123,(11) 11111-1111,21205105204,MALE,APARTAMENTO
test,user,02179-000,testuser-46310036858@test.com,123,(11) 11111-1111,46310036858,FEMALE,APARTAMENTO
test,user,02179-000,testuser-43667401507@test.com,123,(11) 11111-1111,43667401507,MALE,APARTAMENTO
test,user,02179-000,testuser-13642758304@test.com,123,(11) 11111-1111,13642758304,FEMALE,APARTAMENTO
test,user,02179-000,testuser-36823783591@test.com,123,(11) 11111-1111,36823783591,MALE,APARTAMENTO
test,user,02179-000,testuser-40844118095@test.com,123,(11) 11111-1111,40844118095,FEMALE,APARTAMENTO
test,user,02179-000,testuser-11320016413@test.com,123,(11) 11111-1111,11320016413,MALE,APARTAMENTO
test,user,02179-000,testuser-04878446021@test.com,123,(11) 11111-1111,4878446021,FEMALE,APARTAMENTO
test,user,02179-000,testuser-13048201653@test.com,123,(11) 11111-1111,13048201653,MALE,APARTAMENTO
test,user,02179-000,testuser-67223871601@test.com,123,(11) 11111-1111,67223871601,FEMALE,APARTAMENTO
test,user,02179-000,testuser-10545277760@test.com,123,(11) 11111-1111,10545277760,MALE,APARTAMENTO
test,user,02179-000,testuser-55748313170@test.com,123,(11) 11111-1111,55748313170,FEMALE,APARTAMENTO
test,user,02179-000,testuser-77130323558@test.com,123,(11) 11111-1111,77130323558,MALE,APARTAMENTO
test,user,02179-000,testuser-61385864338@test.com,123,(11) 11111-1111,61385864338,FEMALE,APARTAMENTO
test,user,02179-000,testuser-78220641428@test.com,123,(11) 11111-1111,78220641428,MALE,APARTAMENTO
test,user,02179-000,testuser-80571654649@test.com,123,(11) 11111-1111,80571654649,FEMALE,APARTAMENTO
test,user,02179-000,testuser-73552264280@test.com,123,(11) 11111-1111,73552264280,MALE,APARTAMENTO
test,user,02179-000,testuser-64337263802@test.com,123,(11) 11111-1111,64337263802,FEMALE,APARTAMENTO
test,user,02179-000,testuser-22824314303@test.com,123,(11) 11111-1111,22824314303,MALE,APARTAMENTO
test,user,02179-000,testuser-23103410700@test.com,123,(11) 11111-1111,23103410700,FEMALE,APARTAMENTO
test,user,02179-000,testuser-10822818248@test.com,123,(11) 11111-1111,10822818248,MALE,APARTAMENTO
test,user,02179-000,testuser-76508605402@test.com,123,(11) 11111-1111,76508605402,FEMALE,APARTAMENTO
test,user,02179-000,testuser-62083107500@test.com,123,(11) 11111-1111,62083107500,MALE,APARTAMENTO
test,user,02179-000,testuser-56180040117@test.com,123,(11) 11111-1111,56180040117,FEMALE,APARTAMENTO
test,user,02179-000,testuser-23686435837@test.com,123,(11) 11111-1111,23686435837,MALE,APARTAMENTO
test,user,02179-000,testuser-57274321030@test.com,123,(11) 11111-1111,57274321030,FEMALE,APARTAMENTO
test,user,02179-000,testuser-41836487266@test.com,123,(11) 11111-1111,41836487266,MALE,APARTAMENTO
test,user,02179-000,testuser-13515583157@test.com,123,(11) 11111-1111,13515583157,FEMALE,APARTAMENTO
test,user,02179-000,testuser-11707550387@test.com,123,(11) 11111-1111,11707550387,MALE,APARTAMENTO
test,user,02179-000,testuser-54045278036@test.com,123,(11) 11111-1111,54045278036,FEMALE,APARTAMENTO
test,user,02179-000,testuser-60084566108@test.com,123,(11) 11111-1111,60084566108,MALE,APARTAMENTO
test,user,02179-000,testuser-01427530254@test.com,123,(11) 11111-1111,1427530254,FEMALE,APARTAMENTO
test,user,02179-000,testuser-06144520406@test.com,123,(11) 11111-1111,6144520406,MALE,APARTAMENTO
test,user,02179-000,testuser-36177538096@test.com,123,(11) 11111-1111,36177538096,FEMALE,APARTAMENTO
test,user,02179-000,testuser-52457371244@test.com,123,(11) 11111-1111,52457371244,MALE,APARTAMENTO
test,user,02179-000,testuser-83512473750@test.com,123,(11) 11111-1111,83512473750,FEMALE,APARTAMENTO
test,user,02179-000,testuser-87202401479@test.com,123,(11) 11111-1111,87202401479,MALE,APARTAMENTO
test,user,02179-000,testuser-42816514625@test.com,123,(11) 11111-1111,42816514625,FEMALE,APARTAMENTO
test,user,02179-000,testuser-23216355764@test.com,123,(11) 11111-1111,23216355764,MALE,APARTAMENTO
test,user,02179-000,testuser-11787316009@test.com,123,(11) 11111-1111,11787316009,FEMALE,APARTAMENTO
test,user,02179-000,testuser-40253547059@test.com,123,(11) 11111-1111,40253547059,MALE,APARTAMENTO
test,user,02179-000,testuser-35383625305@test.com,123,(11) 11111-1111,35383625305,FEMALE,APARTAMENTO
test,user,02179-000,testuser-40375723625@test.com,123,(11) 11111-1111,40375723625,MALE,APARTAMENTO
test,user,02179-000,testuser-56657336870@test.com,123,(11) 11111-1111,56657336870,FEMALE,APARTAMENTO
test,user,02179-000,testuser-46434600240@test.com,123,(11) 11111-1111,46434600240,MALE,APARTAMENTO
test,user,02179-000,testuser-76615577542@test.com,123,(11) 11111-1111,76615577542,FEMALE,APARTAMENTO
test,user,02179-000,testuser-47100227127@test.com,123,(11) 11111-1111,47100227127,MALE,APARTAMENTO
test,user,02179-000,testuser-40055428673@test.com,123,(11) 11111-1111,40055428673,FEMALE,APARTAMENTO
test,user,02179-000,testuser-61870150457@test.com,123,(11) 11111-1111,61870150457,MALE,APARTAMENTO
