test,user,06700-020,testuser-67406661800@test.com,Passw0rd,(11) 11111-1111,67406661800,MALE,APARTAMENTO
test,user,06700-035,testuser-50753625598@test.com,Passw0rd,(11) 11111-1111,50753625598,FEMALE,APARTAMENTO
test,user,06700-050,testuser-82376532035@test.com,Passw0rd,(11) 11111-1111,82376532035,MALE,APARTAMENTO
test,user,06700-055,testuser-37268408692@test.com,Passw0rd,(11) 11111-1111,37268408692,FEMALE,APARTAMENTO
test,user,06700-057,testuser-38877114088@test.com,Passw0rd,(11) 11111-1111,38877114088,MALE,APARTAMENTO
test,user,06700-060,testuser-27001613193@test.com,Passw0rd,(11) 11111-1111,27001613193,FEMALE,APARTAMENTO
test,user,06700-063,testuser-07043610435@test.com,Passw0rd,(11) 11111-1111,07043610435,MALE,APARTAMENTO
test,user,06700-065,testuser-36182647558@test.com,Passw0rd,(11) 11111-1111,36182647558,FEMALE,APARTAMENTO
test,user,06700-069,testuser-13223485295@test.com,Passw0rd,(11) 11111-1111,13223485295,MALE,APARTAMENTO
test,user,06700-070,testuser-02537230604@test.com,Passw0rd,(11) 11111-1111,02537230604,FEMALE,APARTAMENTO
test,user,06700-075,testuser-18254770190@test.com,Passw0rd,(11) 11111-1111,18254770190,MALE,APARTAMENTO
test,user,06700-080,testuser-18464812442@test.com,Passw0rd,(11) 11111-1111,18464812442,FEMALE,APARTAMENTO
test,user,06700-090,testuser-83332715372@test.com,Passw0rd,(11) 11111-1111,83332715372,MALE,APARTAMENTO
test,user,06700-095,testuser-47722310133@test.com,Passw0rd,(11) 11111-1111,47722310133,FEMALE,APARTAMENTO
test,user,06700-100,testuser-75783011010@test.com,Passw0rd,(11) 11111-1111,75783011010,MALE,APARTAMENTO
test,user,06700-105,testuser-22066061786@test.com,Passw0rd,(11) 11111-1111,22066061786,FEMALE,APARTAMENTO
test,user,06700-110,testuser-12640688677@test.com,Passw0rd,(11) 11111-1111,12640688677,MALE,APARTAMENTO
test,user,06700-115,testuser-23113514274@test.com,Passw0rd,(11) 11111-1111,23113514274,FEMALE,APARTAMENTO
test,user,06700-120,testuser-33823474669@test.com,Passw0rd,(11) 11111-1111,33823474669,MALE,APARTAMENTO
test,user,06700-125,testuser-24188574410@test.com,Passw0rd,(11) 11111-1111,24188574410,FEMALE,APARTAMENTO
test,user,06700-127,testuser-40716150441@test.com,Passw0rd,(11) 11111-1111,40716150441,MALE,APARTAMENTO
test,user,06700-130,testuser-51061500276@test.com,Passw0rd,(11) 11111-1111,51061500276,FEMALE,APARTAMENTO
test,user,06700-133,testuser-54100358288@test.com,Passw0rd,(11) 11111-1111,54100358288,MALE,APARTAMENTO
test,user,06700-137,testuser-51125781149@test.com,Passw0rd,(11) 11111-1111,51125781149,FEMALE,APARTAMENTO
test,user,06700-139,testuser-48631361615@test.com,Passw0rd,(11) 11111-1111,48631361615,MALE,APARTAMENTO
test,user,06700-145,testuser-30055573592@test.com,Passw0rd,(11) 11111-1111,30055573592,FEMALE,APARTAMENTO
test,user,06700-146,testuser-27506546884@test.com,Passw0rd,(11) 11111-1111,27506546884,MALE,APARTAMENTO
test,user,06700-147,testuser-40438521340@test.com,Passw0rd,(11) 11111-1111,40438521340,FEMALE,APARTAMENTO
test,user,06700-148,testuser-06222131808@test.com,Passw0rd,(11) 11111-1111,06222131808,MALE,APARTAMENTO
test,user,06700-149,testuser-53600277200@test.com,Passw0rd,(11) 11111-1111,53600277200,FEMALE,APARTAMENTO
test,user,06700-153,testuser-23254576217@test.com,Passw0rd,(11) 11111-1111,23254576217,MALE,APARTAMENTO
test,user,06700-155,testuser-36154066724@test.com,Passw0rd,(11) 11111-1111,36154066724,FEMALE,APARTAMENTO
test,user,06700-157,testuser-60544238435@test.com,Passw0rd,(11) 11111-1111,60544238435,MALE,APARTAMENTO
test,user,06700-158,testuser-44741075001@test.com,Passw0rd,(11) 11111-1111,44741075001,FEMALE,APARTAMENTO
test,user,06700-159,testuser-28464673159@test.com,Passw0rd,(11) 11111-1111,28464673159,MALE,APARTAMENTO
test,user,06700-160,testuser-62645001866@test.com,Passw0rd,(11) 11111-1111,62645001866,FEMALE,APARTAMENTO
test,user,06700-162,testuser-70351738894@test.com,Passw0rd,(11) 11111-1111,70351738894,MALE,APARTAMENTO
test,user,06700-170,testuser-16214718455@test.com,Passw0rd,(11) 11111-1111,16214718455,FEMALE,APARTAMENTO
test,user,06700-173,testuser-88076854504@test.com,Passw0rd,(11) 11111-1111,88076854504,MALE,APARTAMENTO
test,user,06700-175,testuser-62314503767@test.com,Passw0rd,(11) 11111-1111,62314503767,FEMALE,APARTAMENTO
test,user,06700-178,testuser-65220451766@test.com,Passw0rd,(11) 11111-1111,65220451766,MALE,APARTAMENTO
test,user,06700-180,testuser-42318717443@test.com,Passw0rd,(11) 11111-1111,42318717443,FEMALE,APARTAMENTO
test,user,06700-185,testuser-57175086709@test.com,Passw0rd,(11) 11111-1111,57175086709,MALE,APARTAMENTO
test,user,06700-190,testuser-20255462387@test.com,Passw0rd,(11) 11111-1111,20255462387,FEMALE,APARTAMENTO
test,user,06700-192,testuser-33658030682@test.com,Passw0rd,(11) 11111-1111,33658030682,MALE,APARTAMENTO
test,user,06700-193,testuser-65138356747@test.com,Passw0rd,(11) 11111-1111,65138356747,FEMALE,APARTAMENTO
test,user,06700-197,testuser-61044347708@test.com,Passw0rd,(11) 11111-1111,61044347708,MALE,APARTAMENTO
test,user,06700-204,testuser-04662211859@test.com,Passw0rd,(11) 11111-1111,04662211859,FEMALE,APARTAMENTO
test,user,06700-208,testuser-15750854701@test.com,Passw0rd,(11) 11111-1111,15750854701,MALE,APARTAMENTO
test,user,06700-213,testuser-30072066261@test.com,Passw0rd,(11) 11111-1111,30072066261,FEMALE,APARTAMENTO
test,user,06700-218,testuser-04537584793@test.com,Passw0rd,(11) 11111-1111,04537584793,MALE,APARTAMENTO
test,user,06700-219,testuser-41656787750@test.com,Passw0rd,(11) 11111-1111,41656787750,FEMALE,APARTAMENTO
test,user,06700-220,testuser-65873464219@test.com,Passw0rd,(11) 11111-1111,65873464219,MALE,APARTAMENTO
test,user,06700-222,testuser-14150606064@test.com,Passw0rd,(11) 11111-1111,14150606064,FEMALE,APARTAMENTO
test,user,06700-227,testuser-78272155133@test.com,Passw0rd,(11) 11111-1111,78272155133,MALE,APARTAMENTO
test,user,06700-229,testuser-00876141114@test.com,Passw0rd,(11) 11111-1111,00876141114,FEMALE,APARTAMENTO
test,user,06700-230,testuser-24516738694@test.com,Passw0rd,(11) 11111-1111,24516738694,MALE,APARTAMENTO
test,user,06700-231,testuser-73723266053@test.com,Passw0rd,(11) 11111-1111,73723266053,FEMALE,APARTAMENTO
test,user,06700-235,testuser-67831055398@test.com,Passw0rd,(11) 11111-1111,67831055398,MALE,APARTAMENTO
test,user,06700-239,testuser-78820841150@test.com,Passw0rd,(11) 11111-1111,78820841150,FEMALE,APARTAMENTO
test,user,06700-241,testuser-67554133640@test.com,Passw0rd,(11) 11111-1111,67554133640,MALE,APARTAMENTO
test,user,06700-245,testuser-55340103048@test.com,Passw0rd,(11) 11111-1111,55340103048,FEMALE,APARTAMENTO
test,user,06700-251,testuser-11430216140@test.com,Passw0rd,(11) 11111-1111,11430216140,MALE,APARTAMENTO
test,user,06700-252,testuser-76146014168@test.com,Passw0rd,(11) 11111-1111,76146014168,FEMALE,APARTAMENTO
test,user,06700-253,testuser-37742627213@test.com,Passw0rd,(11) 11111-1111,37742627213,MALE,APARTAMENTO
test,user,06700-254,testuser-57428417600@test.com,Passw0rd,(11) 11111-1111,57428417600,FEMALE,APARTAMENTO
test,user,06700-255,testuser-14760682082@test.com,Passw0rd,(11) 11111-1111,14760682082,MALE,APARTAMENTO
test,user,06700-260,testuser-44651568556@test.com,Passw0rd,(11) 11111-1111,44651568556,FEMALE,APARTAMENTO
test,user,06700-270,testuser-45835362323@test.com,Passw0rd,(11) 11111-1111,45835362323,MALE,APARTAMENTO
test,user,06700-275,testuser-71483637484@test.com,Passw0rd,(11) 11111-1111,71483637484,FEMALE,APARTAMENTO
test,user,06700-279,testuser-38434205130@test.com,Passw0rd,(11) 11111-1111,38434205130,MALE,APARTAMENTO
test,user,06700-281,testuser-17802008549@test.com,Passw0rd,(11) 11111-1111,17802008549,FEMALE,APARTAMENTO
test,user,06700-282,testuser-42487821116@test.com,Passw0rd,(11) 11111-1111,42487821116,MALE,APARTAMENTO
test,user,06700-283,testuser-68258773569@test.com,Passw0rd,(11) 11111-1111,68258773569,FEMALE,APARTAMENTO
test,user,06700-287,testuser-54387808705@test.com,Passw0rd,(11) 11111-1111,54387808705,MALE,APARTAMENTO
test,user,06700-290,testuser-68766814405@test.com,Passw0rd,(11) 11111-1111,68766814405,FEMALE,APARTAMENTO
test,user,06700-292,testuser-04424823881@test.com,Passw0rd,(11) 11111-1111,04424823881,MALE,APARTAMENTO
test,user,06700-295,testuser-40165242450@test.com,Passw0rd,(11) 11111-1111,40165242450,FEMALE,APARTAMENTO
test,user,06700-296,testuser-73616088410@test.com,Passw0rd,(11) 11111-1111,73616088410,MALE,APARTAMENTO
test,user,06700-298,testuser-37212518573@test.com,Passw0rd,(11) 11111-1111,37212518573,FEMALE,APARTAMENTO
test,user,06700-300,testuser-05166013778@test.com,Passw0rd,(11) 11111-1111,05166013778,MALE,APARTAMENTO
test,user,06700-310,testuser-34016580773@test.com,Passw0rd,(11) 11111-1111,34016580773,FEMALE,APARTAMENTO
test,user,06700-350,testuser-42078570796@test.com,Passw0rd,(11) 11111-1111,42078570796,MALE,APARTAMENTO
test,user,06700-360,testuser-68683521079@test.com,Passw0rd,(11) 11111-1111,68683521079,FEMALE,APARTAMENTO
test,user,06700-370,testuser-76832218303@test.com,Passw0rd,(11) 11111-1111,76832218303,MALE,APARTAMENTO
test,user,06700-380,testuser-68585705604@test.com,Passw0rd,(11) 11111-1111,68585705604,FEMALE,APARTAMENTO
test,user,06700-390,testuser-88260282496@test.com,Passw0rd,(11) 11111-1111,88260282496,MALE,APARTAMENTO
test,user,06700-400,testuser-56161062240@test.com,Passw0rd,(11) 11111-1111,56161062240,FEMALE,APARTAMENTO
test,user,06700-405,testuser-63554406821@test.com,Passw0rd,(11) 11111-1111,63554406821,MALE,APARTAMENTO
test,user,06700-410,testuser-80540656046@test.com,Passw0rd,(11) 11111-1111,80540656046,FEMALE,APARTAMENTO
test,user,06700-415,testuser-34876350620@test.com,Passw0rd,(11) 11111-1111,34876350620,MALE,APARTAMENTO
test,user,06700-420,testuser-33011477639@test.com,Passw0rd,(11) 11111-1111,33011477639,FEMALE,APARTAMENTO
test,user,06700-425,testuser-17517534505@test.com,Passw0rd,(11) 11111-1111,17517534505,MALE,APARTAMENTO
test,user,06700-430,testuser-88862630662@test.com,Passw0rd,(11) 11111-1111,88862630662,FEMALE,APARTAMENTO
test,user,06700-450,testuser-30265437806@test.com,Passw0rd,(11) 11111-1111,30265437806,MALE,APARTAMENTO
test,user,06700-453,testuser-27348051626@test.com,Passw0rd,(11) 11111-1111,27348051626,FEMALE,APARTAMENTO
test,user,06700-455,testuser-01588026400@test.com,Passw0rd,(11) 11111-1111,01588026400,MALE,APARTAMENTO
test,user,06700-457,testuser-56032305767@test.com,Passw0rd,(11) 11111-1111,56032305767,FEMALE,APARTAMENTO
test,user,06700-458,testuser-06725047076@test.com,Passw0rd,(11) 11111-1111,06725047076,MALE,APARTAMENTO
test,user,06700-459,testuser-20675520401@test.com,Passw0rd,(11) 11111-1111,20675520401,FEMALE,APARTAMENTO
test,user,06700-020,testuser-81208436066@test.com,Passw0rd,(11) 11111-1111,81208436066,MALE,APARTAMENTO
test,user,06700-035,testuser-75156153542@test.com,Passw0rd,(11) 11111-1111,75156153542,FEMALE,APARTAMENTO
test,user,06700-050,testuser-51753617081@test.com,Passw0rd,(11) 11111-1111,51753617081,MALE,APARTAMENTO
test,user,06700-055,testuser-78224714659@test.com,Passw0rd,(11) 11111-1111,78224714659,FEMALE,APARTAMENTO
test,user,06700-057,testuser-04330685663@test.com,Passw0rd,(11) 11111-1111,04330685663,MALE,APARTAMENTO
test,user,06700-060,testuser-08566651502@test.com,Passw0rd,(11) 11111-1111,08566651502,FEMALE,APARTAMENTO
test,user,06700-063,testuser-38103630306@test.com,Passw0rd,(11) 11111-1111,38103630306,MALE,APARTAMENTO
test,user,06700-065,testuser-84065010659@test.com,Passw0rd,(11) 11111-1111,84065010659,FEMALE,APARTAMENTO
test,user,06700-069,testuser-50241314100@test.com,Passw0rd,(11) 11111-1111,50241314100,MALE,APARTAMENTO
test,user,06700-070,testuser-54417053456@test.com,Passw0rd,(11) 11111-1111,54417053456,FEMALE,APARTAMENTO
test,user,06700-075,testuser-81068262109@test.com,Passw0rd,(11) 11111-1111,81068262109,MALE,APARTAMENTO
test,user,06700-080,testuser-84740673401@test.com,Passw0rd,(11) 11111-1111,84740673401,FEMALE,APARTAMENTO
test,user,06700-090,testuser-40684708477@test.com,Passw0rd,(11) 11111-1111,40684708477,MALE,APARTAMENTO
test,user,06700-095,testuser-61017103194@test.com,Passw0rd,(11) 11111-1111,61017103194,FEMALE,APARTAMENTO
test,user,06700-100,testuser-77234603174@test.com,Passw0rd,(11) 11111-1111,77234603174,MALE,APARTAMENTO
test,user,06700-105,testuser-10630717800@test.com,Passw0rd,(11) 11111-1111,10630717800,FEMALE,APARTAMENTO
test,user,06700-110,testuser-31676106030@test.com,Passw0rd,(11) 11111-1111,31676106030,MALE,APARTAMENTO
test,user,06700-115,testuser-14760377280@test.com,Passw0rd,(11) 11111-1111,14760377280,FEMALE,APARTAMENTO
test,user,06700-120,testuser-38812238432@test.com,Passw0rd,(11) 11111-1111,38812238432,MALE,APARTAMENTO
test,user,06700-125,testuser-75841458175@test.com,Passw0rd,(11) 11111-1111,75841458175,FEMALE,APARTAMENTO
test,user,06700-127,testuser-76466857719@test.com,Passw0rd,(11) 11111-1111,76466857719,MALE,APARTAMENTO
test,user,06700-130,testuser-46347181541@test.com,Passw0rd,(11) 11111-1111,46347181541,FEMALE,APARTAMENTO
test,user,06700-133,testuser-75368877285@test.com,Passw0rd,(11) 11111-1111,75368877285,MALE,APARTAMENTO
test,user,06700-137,testuser-66187803140@test.com,Passw0rd,(11) 11111-1111,66187803140,FEMALE,APARTAMENTO
test,user,06700-139,testuser-88113208607@test.com,Passw0rd,(11) 11111-1111,88113208607,MALE,APARTAMENTO
test,user,06700-145,testuser-06345513296@test.com,Passw0rd,(11) 11111-1111,06345513296,FEMALE,APARTAMENTO
test,user,06700-146,testuser-01604181605@test.com,Passw0rd,(11) 11111-1111,01604181605,MALE,APARTAMENTO
test,user,06700-147,testuser-87076600145@test.com,Passw0rd,(11) 11111-1111,87076600145,FEMALE,APARTAMENTO
test,user,06700-148,testuser-74677050694@test.com,Passw0rd,(11) 11111-1111,74677050694,MALE,APARTAMENTO
test,user,06700-149,testuser-10482271540@test.com,Passw0rd,(11) 11111-1111,10482271540,FEMALE,APARTAMENTO
test,user,06700-153,testuser-34374504842@test.com,Passw0rd,(11) 11111-1111,34374504842,MALE,APARTAMENTO
test,user,06700-155,testuser-88366164705@test.com,Passw0rd,(11) 11111-1111,88366164705,FEMALE,APARTAMENTO
test,user,06700-157,testuser-26083308356@test.com,Passw0rd,(11) 11111-1111,26083308356,MALE,APARTAMENTO
test,user,06700-158,testuser-73011380830@test.com,Passw0rd,(11) 11111-1111,73011380830,FEMALE,APARTAMENTO
test,user,06700-159,testuser-87867226702@test.com,Passw0rd,(11) 11111-1111,87867226702,MALE,APARTAMENTO
test,user,06700-160,testuser-14000111752@test.com,Passw0rd,(11) 11111-1111,14000111752,FEMALE,APARTAMENTO
test,user,06700-162,testuser-07603354005@test.com,Passw0rd,(11) 11111-1111,07603354005,MALE,APARTAMENTO
test,user,06700-170,testuser-00466615493@test.com,Passw0rd,(11) 11111-1111,00466615493,FEMALE,APARTAMENTO
test,user,06700-173,testuser-22017118362@test.com,Passw0rd,(11) 11111-1111,22017118362,MALE,APARTAMENTO
test,user,06700-175,testuser-84260770721@test.com,Passw0rd,(11) 11111-1111,84260770721,FEMALE,APARTAMENTO
test,user,06700-178,testuser-30381550044@test.com,Passw0rd,(11) 11111-1111,30381550044,MALE,APARTAMENTO
test,user,06700-180,testuser-86740674680@test.com,Passw0rd,(11) 11111-1111,86740674680,FEMALE,APARTAMENTO
test,user,06700-185,testuser-12421260310@test.com,Passw0rd,(11) 11111-1111,12421260310,MALE,APARTAMENTO
test,user,06700-190,testuser-57243462308@test.com,Passw0rd,(11) 11111-1111,57243462308,FEMALE,APARTAMENTO
test,user,06700-192,testuser-40071040188@test.com,Passw0rd,(11) 11111-1111,40071040188,MALE,APARTAMENTO
test,user,06700-193,testuser-68638840705@test.com,Passw0rd,(11) 11111-1111,68638840705,FEMALE,APARTAMENTO
test,user,06700-197,testuser-80227373561@test.com,Passw0rd,(11) 11111-1111,80227373561,MALE,APARTAMENTO
test,user,06700-204,testuser-15084582000@test.com,Passw0rd,(11) 11111-1111,15084582000,FEMALE,APARTAMENTO
test,user,06700-208,testuser-52163274101@test.com,Passw0rd,(11) 11111-1111,52163274101,MALE,APARTAMENTO
test,user,06700-213,testuser-62411733089@test.com,Passw0rd,(11) 11111-1111,62411733089,FEMALE,APARTAMENTO
test,user,06700-218,testuser-35707512527@test.com,Passw0rd,(11) 11111-1111,35707512527,MALE,APARTAMENTO
test,user,06700-219,testuser-28157086043@test.com,Passw0rd,(11) 11111-1111,28157086043,FEMALE,APARTAMENTO
test,user,06700-220,testuser-24261481286@test.com,Passw0rd,(11) 11111-1111,24261481286,MALE,APARTAMENTO
test,user,06700-222,testuser-63021165206@test.com,Passw0rd,(11) 11111-1111,63021165206,FEMALE,APARTAMENTO
test,user,06700-227,testuser-73670178104@test.com,Passw0rd,(11) 11111-1111,73670178104,MALE,APARTAMENTO
test,user,06700-229,testuser-46504814490@test.com,Passw0rd,(11) 11111-1111,46504814490,FEMALE,APARTAMENTO
test,user,06700-230,testuser-26832246641@test.com,Passw0rd,(11) 11111-1111,26832246641,MALE,APARTAMENTO
test,user,06700-231,testuser-50611766779@test.com,Passw0rd,(11) 11111-1111,50611766779,FEMALE,APARTAMENTO
test,user,06700-235,testuser-44538262064@test.com,Passw0rd,(11) 11111-1111,44538262064,MALE,APARTAMENTO
test,user,06700-239,testuser-26001508461@test.com,Passw0rd,(11) 11111-1111,26001508461,FEMALE,APARTAMENTO
test,user,06700-241,testuser-02351217896@test.com,Passw0rd,(11) 11111-1111,02351217896,MALE,APARTAMENTO
test,user,06700-245,testuser-62333202750@test.com,Passw0rd,(11) 11111-1111,62333202750,FEMALE,APARTAMENTO
test,user,06700-251,testuser-37274374648@test.com,Passw0rd,(11) 11111-1111,37274374648,MALE,APARTAMENTO
test,user,06700-252,testuser-50235227412@test.com,Passw0rd,(11) 11111-1111,50235227412,FEMALE,APARTAMENTO
test,user,06700-253,testuser-48883451473@test.com,Passw0rd,(11) 11111-1111,48883451473,MALE,APARTAMENTO
test,user,06700-254,testuser-28686824218@test.com,Passw0rd,(11) 11111-1111,28686824218,FEMALE,APARTAMENTO
test,user,06700-255,testuser-66576081286@test.com,Passw0rd,(11) 11111-1111,66576081286,MALE,APARTAMENTO
test,user,06700-260,testuser-16725750877@test.com,Passw0rd,(11) 11111-1111,16725750877,FEMALE,APARTAMENTO
test,user,06700-270,testuser-34047642509@test.com,Passw0rd,(11) 11111-1111,34047642509,MALE,APARTAMENTO
test,user,06700-275,testuser-38720542011@test.com,Passw0rd,(11) 11111-1111,38720542011,FEMALE,APARTAMENTO
test,user,06700-279,testuser-76272268564@test.com,Passw0rd,(11) 11111-1111,76272268564,MALE,APARTAMENTO
test,user,06700-281,testuser-21801258791@test.com,Passw0rd,(11) 11111-1111,21801258791,FEMALE,APARTAMENTO
test,user,06700-282,testuser-47725310258@test.com,Passw0rd,(11) 11111-1111,47725310258,MALE,APARTAMENTO
test,user,06700-283,testuser-17838617030@test.com,Passw0rd,(11) 11111-1111,17838617030,FEMALE,APARTAMENTO
test,user,06715-863,testuser-10742524205@test.com,Passw0rd,(11) 11111-1111,10742524205,FEMALE,APARTAMENTO
test,user,06715-865,testuser-10753534320@test.com,Passw0rd,(11) 11111-1111,10753534320,MALE,APARTAMENTO
test,user,06715-866,testuser-11014837847@test.com,Passw0rd,(11) 11111-1111,11014837847,FEMALE,APARTAMENTO
test,user,06716-020,testuser-11067610146@test.com,Passw0rd,(11) 11111-1111,11067610146,MALE,APARTAMENTO
test,user,06716-045,testuser-11114474703@test.com,Passw0rd,(11) 11111-1111,11114474703,FEMALE,APARTAMENTO
test,user,06716-060,testuser-11155240626@test.com,Passw0rd,(11) 11111-1111,11155240626,MALE,APARTAMENTO
test,user,06716-080,testuser-11176043307@test.com,Passw0rd,(11) 11111-1111,11176043307,FEMALE,APARTAMENTO
test,user,06716-150,testuser-11223231666@test.com,Passw0rd,(11) 11111-1111,11223231666,MALE,APARTAMENTO
test,user,06716-160,testuser-11428261559@test.com,Passw0rd,(11) 11111-1111,11428261559,FEMALE,APARTAMENTO
test,user,06716-170,testuser-11541146514@test.com,Passw0rd,(11) 11111-1111,11541146514,MALE,APARTAMENTO
test,user,06716-180,testuser-11580026532@test.com,Passw0rd,(11) 11111-1111,11580026532,FEMALE,APARTAMENTO
test,user,06716-202,testuser-11777435668@test.com,Passw0rd,(11) 11111-1111,11777435668,MALE,APARTAMENTO
test,user,06716-217,testuser-11813821658@test.com,Passw0rd,(11) 11111-1111,11813821658,FEMALE,APARTAMENTO
test,user,06716-225,testuser-12066111465@test.com,Passw0rd,(11) 11111-1111,12066111465,MALE,APARTAMENTO
test,user,06716-227,testuser-12107278466@test.com,Passw0rd,(11) 11111-1111,12107278466,FEMALE,APARTAMENTO
test,user,06716-240,testuser-12302116755@test.com,Passw0rd,(11) 11111-1111,12302116755,MALE,APARTAMENTO
test,user,06716-315,testuser-12438433493@test.com,Passw0rd,(11) 11111-1111,12438433493,FEMALE,APARTAMENTO
test,user,06716-317,testuser-12501528360@test.com,Passw0rd,(11) 11111-1111,12501528360,MALE,APARTAMENTO
test,user,06716-327,testuser-12571185608@test.com,Passw0rd,(11) 11111-1111,12571185608,FEMALE,APARTAMENTO
test,user,06716-520,testuser-12621078656@test.com,Passw0rd,(11) 11111-1111,12621078656,MALE,APARTAMENTO
test,user,06716-525,testuser-12678367843@test.com,Passw0rd,(11) 11111-1111,12678367843,FEMALE,APARTAMENTO
test,user,06716-535,testuser-12768834041@test.com,Passw0rd,(11) 11111-1111,12768834041,MALE,APARTAMENTO
test,user,06716-537,testuser-13067842391@test.com,Passw0rd,(11) 11111-1111,13067842391,FEMALE,APARTAMENTO
test,user,06716-540,testuser-13202685520@test.com,Passw0rd,(11) 11111-1111,13202685520,MALE,APARTAMENTO
test,user,06716-550,testuser-13248202688@test.com,Passw0rd,(11) 11111-1111,13248202688,FEMALE,APARTAMENTO
test,user,06716-560,testuser-13277821706@test.com,Passw0rd,(11) 11111-1111,13277821706,MALE,APARTAMENTO
test,user,06716-623,testuser-13785768885@test.com,Passw0rd,(11) 11111-1111,13785768885,FEMALE,APARTAMENTO
test,user,06716-633,testuser-13853536603@test.com,Passw0rd,(11) 11111-1111,13853536603,MALE,APARTAMENTO
test,user,06716-650,testuser-14167538776@test.com,Passw0rd,(11) 11111-1111,14167538776,FEMALE,APARTAMENTO
test,user,06716-653,testuser-14242781555@test.com,Passw0rd,(11) 11111-1111,14242781555,MALE,APARTAMENTO
test,user,06716-670,testuser-14682718657@test.com,Passw0rd,(11) 11111-1111,14682718657,FEMALE,APARTAMENTO
test,user,06716-685,testuser-14723672001@test.com,Passw0rd,(11) 11111-1111,14723672001,MALE,APARTAMENTO
test,user,06716-690,testuser-14751224549@test.com,Passw0rd,(11) 11111-1111,14751224549,FEMALE,APARTAMENTO
test,user,06716-695,testuser-14765682196@test.com,Passw0rd,(11) 11111-1111,14765682196,MALE,APARTAMENTO
test,user,06716-705,testuser-14842125683@test.com,Passw0rd,(11) 11111-1111,14842125683,FEMALE,APARTAMENTO
test,user,06716-710,testuser-14867843725@test.com,Passw0rd,(11) 11111-1111,14867843725,MALE,APARTAMENTO
test,user,06716-725,testuser-14885708419@test.com,Passw0rd,(11) 11111-1111,14885708419,FEMALE,APARTAMENTO
test,user,06716-730,testuser-15222323463@test.com,Passw0rd,(11) 11111-1111,15222323463,MALE,APARTAMENTO
test,user,06716-800,testuser-15247848349@test.com,Passw0rd,(11) 11111-1111,15247848349,FEMALE,APARTAMENTO
test,user,06717-060,testuser-15440762825@test.com,Passw0rd,(11) 11111-1111,15440762825,MALE,APARTAMENTO
test,user,06717-065,testuser-15740753490@test.com,Passw0rd,(11) 11111-1111,15740753490,FEMALE,APARTAMENTO
test,user,06717-086,testuser-15744830642@test.com,Passw0rd,(11) 11111-1111,15744830642,MALE,APARTAMENTO
test,user,06717-088,testuser-15800337411@test.com,Passw0rd,(11) 11111-1111,15800337411,FEMALE,APARTAMENTO
test,user,06717-105,testuser-15821502306@test.com,Passw0rd,(11) 11111-1111,15821502306,MALE,APARTAMENTO
test,user,06717-110,testuser-16002822100@test.com,Passw0rd,(11) 11111-1111,16002822100,FEMALE,APARTAMENTO
test,user,06717-130,testuser-16242142740@test.com,Passw0rd,(11) 11111-1111,16242142740,MALE,APARTAMENTO
test,user,06717-162,testuser-16368740612@test.com,Passw0rd,(11) 11111-1111,16368740612,FEMALE,APARTAMENTO
test,user,06717-165,testuser-16438330817@test.com,Passw0rd,(11) 11111-1111,16438330817,MALE,APARTAMENTO
test,user,06717-170,testuser-16462032243@test.com,Passw0rd,(11) 11111-1111,16462032243,FEMALE,APARTAMENTO
test,user,06717-180,testuser-16564314248@test.com,Passw0rd,(11) 11111-1111,16564314248,MALE,APARTAMENTO
test,user,06717-230,testuser-16758476146@test.com,Passw0rd,(11) 11111-1111,16758476146,FEMALE,APARTAMENTO
test,user,06717-265,testuser-16832656025@test.com,Passw0rd,(11) 11111-1111,16832656025,MALE,APARTAMENTO
test,user,06717-280,testuser-17067008816@test.com,Passw0rd,(11) 11111-1111,17067008816,FEMALE,APARTAMENTO
test,user,06717-295,testuser-17266152356@test.com,Passw0rd,(11) 11111-1111,17266152356,MALE,APARTAMENTO
test,user,06717-340,testuser-17420785678@test.com,Passw0rd,(11) 11111-1111,17420785678,FEMALE,APARTAMENTO
test,user,06717-352,testuser-17617176341@test.com,Passw0rd,(11) 11111-1111,17617176341,MALE,APARTAMENTO
test,user,06717-500,testuser-17766820099@test.com,Passw0rd,(11) 11111-1111,17766820099,FEMALE,APARTAMENTO
test,user,06717-510,testuser-17777082655@test.com,Passw0rd,(11) 11111-1111,17777082655,MALE,APARTAMENTO
test,user,06717-636,testuser-18061025019@test.com,Passw0rd,(11) 11111-1111,18061025019,FEMALE,APARTAMENTO
test,user,06719-015,testuser-18464124120@test.com,Passw0rd,(11) 11111-1111,18464124120,MALE,APARTAMENTO
test,user,06719-030,testuser-18733530149@test.com,Passw0rd,(11) 11111-1111,18733530149,FEMALE,APARTAMENTO
test,user,06719-065,testuser-18751752450@test.com,Passw0rd,(11) 11111-1111,18751752450,MALE,APARTAMENTO
test,user,06719-077,testuser-18854265772@test.com,Passw0rd,(11) 11111-1111,18854265772,FEMALE,APARTAMENTO
test,user,06719-079,testuser-18861833098@test.com,Passw0rd,(11) 11111-1111,18861833098,MALE,APARTAMENTO
test,user,06719-250,testuser-20007736568@test.com,Passw0rd,(11) 11111-1111,20007736568,FEMALE,APARTAMENTO
test,user,06719-255,testuser-20086075500@test.com,Passw0rd,(11) 11111-1111,20086075500,MALE,APARTAMENTO
test,user,06719-259,testuser-20086083600@test.com,Passw0rd,(11) 11111-1111,20086083600,FEMALE,APARTAMENTO
test,user,06719-390,testuser-20121867340@test.com,Passw0rd,(11) 11111-1111,20121867340,MALE,APARTAMENTO
test,user,06719-400,testuser-20134807332@test.com,Passw0rd,(11) 11111-1111,20134807332,FEMALE,APARTAMENTO
test,user,06719-405,testuser-20136257747@test.com,Passw0rd,(11) 11111-1111,20136257747,MALE,APARTAMENTO
test,user,06719-431,testuser-20288852117@test.com,Passw0rd,(11) 11111-1111,20288852117,FEMALE,APARTAMENTO
test,user,06719-470,testuser-20306806134@test.com,Passw0rd,(11) 11111-1111,20306806134,MALE,APARTAMENTO
test,user,06719-475,testuser-20321502639@test.com,Passw0rd,(11) 11111-1111,20321502639,FEMALE,APARTAMENTO
test,user,06719-480,testuser-20425864472@test.com,Passw0rd,(11) 11111-1111,20425864472,MALE,APARTAMENTO
test,user,06719-485,testuser-20636645282@test.com,Passw0rd,(11) 11111-1111,20636645282,FEMALE,APARTAMENTO
test,user,06719-520,testuser-20744582741@test.com,Passw0rd,(11) 11111-1111,20744582741,MALE,APARTAMENTO
test,user,06719-680,testuser-21041324871@test.com,Passw0rd,(11) 11111-1111,21041324871,FEMALE,APARTAMENTO
test,user,06719-690,testuser-21055717439@test.com,Passw0rd,(11) 11111-1111,21055717439,MALE,APARTAMENTO
test,user,06719-695,testuser-21130180476@test.com,Passw0rd,(11) 11111-1111,21130180476,FEMALE,APARTAMENTO
test,user,06720-055,testuser-21410814599@test.com,Passw0rd,(11) 11111-1111,21410814599,MALE,APARTAMENTO
test,user,06720-060,testuser-21438406835@test.com,Passw0rd,(11) 11111-1111,21438406835,FEMALE,APARTAMENTO
test,user,06720-105,testuser-21670676587@test.com,Passw0rd,(11) 11111-1111,21670676587,MALE,APARTAMENTO
test,user,06720-120,testuser-22268013405@test.com,Passw0rd,(11) 11111-1111,22268013405,FEMALE,APARTAMENTO
test,user,06720-140,testuser-22348631474@test.com,Passw0rd,(11) 11111-1111,22348631474,MALE,APARTAMENTO
test,user,06720-149,testuser-22455747611@test.com,Passw0rd,(11) 11111-1111,22455747611,FEMALE,APARTAMENTO
test,user,06720-155,testuser-22508506826@test.com,Passw0rd,(11) 11111-1111,22508506826,MALE,APARTAMENTO
test,user,06720-157,testuser-22551847532@test.com,Passw0rd,(11) 11111-1111,22551847532,FEMALE,APARTAMENTO
test,user,06720-162,testuser-22772444066@test.com,Passw0rd,(11) 11111-1111,22772444066,MALE,APARTAMENTO
test,user,06720-163,testuser-23057560547@test.com,Passw0rd,(11) 11111-1111,23057560547,FEMALE,APARTAMENTO
test,user,06720-165,testuser-23158131315@test.com,Passw0rd,(11) 11111-1111,23158131315,MALE,APARTAMENTO
test,user,06720-260,testuser-23166580409@test.com,Passw0rd,(11) 11111-1111,23166580409,FEMALE,APARTAMENTO
test,user,06720-270,testuser-23247558586@test.com,Passw0rd,(11) 11111-1111,23247558586,MALE,APARTAMENTO
test,user,06720-371,testuser-23276403340@test.com,Passw0rd,(11) 11111-1111,23276403340,FEMALE,APARTAMENTO
test,user,06720-382,testuser-23326834101@test.com,Passw0rd,(11) 11111-1111,23326834101,MALE,APARTAMENTO
test,user,06720-385,testuser-23487636484@test.com,Passw0rd,(11) 11111-1111,23487636484,FEMALE,APARTAMENTO
test,user,06720-393,testuser-23560504503@test.com,Passw0rd,(11) 11111-1111,23560504503,MALE,APARTAMENTO
test,user,06720-405,testuser-23565448016@test.com,Passw0rd,(11) 11111-1111,23565448016,FEMALE,APARTAMENTO
test,user,06720-407,testuser-23701055009@test.com,Passw0rd,(11) 11111-1111,23701055009,MALE,APARTAMENTO
test,user,06720-413,testuser-23704266671@test.com,Passw0rd,(11) 11111-1111,23704266671,FEMALE,APARTAMENTO
test,user,06720-419,testuser-23738287400@test.com,Passw0rd,(11) 11111-1111,23738287400,MALE,APARTAMENTO
test,user,06720-438,testuser-24263767241@test.com,Passw0rd,(11) 11111-1111,24263767241,FEMALE,APARTAMENTO
test,user,06720-439,testuser-24358084702@test.com,Passw0rd,(11) 11111-1111,24358084702,MALE,APARTAMENTO
test,user,06720-440,testuser-24501467509@test.com,Passw0rd,(11) 11111-1111,24501467509,FEMALE,APARTAMENTO
test,user,06720-448,testuser-24525747404@test.com,Passw0rd,(11) 11111-1111,24525747404,MALE,APARTAMENTO
test,user,06720-458,testuser-24676657200@test.com,Passw0rd,(11) 11111-1111,24676657200,FEMALE,APARTAMENTO
test,user,06720-460,testuser-24746061491@test.com,Passw0rd,(11) 11111-1111,24746061491,MALE,APARTAMENTO
test,user,06720-480,testuser-24836182786@test.com,Passw0rd,(11) 11111-1111,24836182786,FEMALE,APARTAMENTO
test,user,06720-530,testuser-25331581609@test.com,Passw0rd,(11) 11111-1111,25331581609,MALE,APARTAMENTO
test,user,06720-650,testuser-25375226057@test.com,Passw0rd,(11) 11111-1111,25375226057,FEMALE,APARTAMENTO
test,user,06721-060,testuser-25383627847@test.com,Passw0rd,(11) 11111-1111,25383627847,MALE,APARTAMENTO
test,user,06721-070,testuser-25473580181@test.com,Passw0rd,(11) 11111-1111,25473580181,FEMALE,APARTAMENTO
test,user,06721-110,testuser-25512277553@test.com,Passw0rd,(11) 11111-1111,25512277553,MALE,APARTAMENTO
test,user,06721-113,testuser-25763186575@test.com,Passw0rd,(11) 11111-1111,25763186575,FEMALE,APARTAMENTO
test,user,06721-123,testuser-25846043887@test.com,Passw0rd,(11) 11111-1111,25846043887,MALE,APARTAMENTO
test,user,06721-230,testuser-25886152369@test.com,Passw0rd,(11) 11111-1111,25886152369,FEMALE,APARTAMENTO
test,user,06721-300,testuser-26035784216@test.com,Passw0rd,(11) 11111-1111,26035784216,MALE,APARTAMENTO
test,user,06721-370,testuser-26087207147@test.com,Passw0rd,(11) 11111-1111,26087207147,FEMALE,APARTAMENTO
test,user,06721-380,testuser-26143411263@test.com,Passw0rd,(11) 11111-1111,26143411263,MALE,APARTAMENTO
test,user,06721-435,testuser-26280017052@test.com,Passw0rd,(11) 11111-1111,26280017052,FEMALE,APARTAMENTO
test,user,06721-470,testuser-26315837603@test.com,Passw0rd,(11) 11111-1111,26315837603,MALE,APARTAMENTO
test,user,06721-510,testuser-26326727839@test.com,Passw0rd,(11) 11111-1111,26326727839,FEMALE,APARTAMENTO
test,user,06721-515,testuser-26413268840@test.com,Passw0rd,(11) 11111-1111,26413268840,MALE,APARTAMENTO
test,user,06721-536,testuser-26443177622@test.com,Passw0rd,(11) 11111-1111,26443177622,FEMALE,APARTAMENTO
test,user,06722-040,testuser-26603074230@test.com,Passw0rd,(11) 11111-1111,26603074230,MALE,APARTAMENTO
test,user,06722-090,testuser-26628078817@test.com,Passw0rd,(11) 11111-1111,26628078817,FEMALE,APARTAMENTO
test,user,06722-100,testuser-26842252300@test.com,Passw0rd,(11) 11111-1111,26842252300,MALE,APARTAMENTO
test,user,06722-110,testuser-27046441790@test.com,Passw0rd,(11) 11111-1111,27046441790,FEMALE,APARTAMENTO
test,user,06722-205,testuser-27126855044@test.com,Passw0rd,(11) 11111-1111,27126855044,MALE,APARTAMENTO
test,user,06722-250,testuser-27512400705@test.com,Passw0rd,(11) 11111-1111,27512400705,FEMALE,APARTAMENTO
test,user,06722-280,testuser-27553470317@test.com,Passw0rd,(11) 11111-1111,27553470317,MALE,APARTAMENTO
test,user,06722-285,testuser-27583554187@test.com,Passw0rd,(11) 11111-1111,27583554187,FEMALE,APARTAMENTO
test,user,06722-300,testuser-27607473793@test.com,Passw0rd,(11) 11111-1111,27607473793,MALE,APARTAMENTO
test,user,06722-310,testuser-27633041846@test.com,Passw0rd,(11) 11111-1111,27633041846,FEMALE,APARTAMENTO
test,user,06722-365,testuser-27653114636@test.com,Passw0rd,(11) 11111-1111,27653114636,MALE,APARTAMENTO
test,user,06722-375,testuser-27713333177@test.com,Passw0rd,(11) 11111-1111,27713333177,FEMALE,APARTAMENTO
test,user,06722-405,testuser-27721211000@test.com,Passw0rd,(11) 11111-1111,27721211000,MALE,APARTAMENTO
test,user,06722-425,testuser-27743820840@test.com,Passw0rd,(11) 11111-1111,27743820840,FEMALE,APARTAMENTO
test,user,06722-555,testuser-27781455592@test.com,Passw0rd,(11) 11111-1111,27781455592,MALE,APARTAMENTO
test,user,06723-000,testuser-27835137224@test.com,Passw0rd,(11) 11111-1111,27835137224,FEMALE,APARTAMENTO
test,user,06723-005,testuser-28015242207@test.com,Passw0rd,(11) 11111-1111,28015242207,MALE,APARTAMENTO
test,user,06723-048,testuser-28021618655@test.com,Passw0rd,(11) 11111-1111,28021618655,FEMALE,APARTAMENTO
test,user,06723-055,testuser-28034655236@test.com,Passw0rd,(11) 11111-1111,28034655236,MALE,APARTAMENTO
test,user,06723-060,testuser-28108560284@test.com,Passw0rd,(11) 11111-1111,28108560284,FEMALE,APARTAMENTO
test,user,06723-090,testuser-28166581710@test.com,Passw0rd,(11) 11111-1111,28166581710,MALE,APARTAMENTO
test,user,06723-120,testuser-28204638272@test.com,Passw0rd,(11) 11111-1111,28204638272,FEMALE,APARTAMENTO
test,user,06723-220,testuser-28241063369@test.com,Passw0rd,(11) 11111-1111,28241063369,MALE,APARTAMENTO
test,user,06724-001,testuser-28243844252@test.com,Passw0rd,(11) 11111-1111,28243844252,FEMALE,APARTAMENTO
test,user,06724-025,testuser-28276165729@test.com,Passw0rd,(11) 11111-1111,28276165729,MALE,APARTAMENTO
test,user,06724-055,testuser-28452135815@test.com,Passw0rd,(11) 11111-1111,28452135815,FEMALE,APARTAMENTO
test,user,06724-070,testuser-28472143805@test.com,Passw0rd,(11) 11111-1111,28472143805,MALE,APARTAMENTO
test,user,06724-110,testuser-28566422333@test.com,Passw0rd,(11) 11111-1111,28566422333,FEMALE,APARTAMENTO
test,user,06724-125,testuser-28627417288@test.com,Passw0rd,(11) 11111-1111,28627417288,MALE,APARTAMENTO
test,user,06724-135,testuser-28645300150@test.com,Passw0rd,(11) 11111-1111,28645300150,FEMALE,APARTAMENTO
test,user,06724-140,testuser-28662236243@test.com,Passw0rd,(11) 11111-1111,28662236243,MALE,APARTAMENTO
test,user,06724-155,testuser-28733572151@test.com,Passw0rd,(11) 11111-1111,28733572151,FEMALE,APARTAMENTO
test,user,06724-170,testuser-28774060244@test.com,Passw0rd,(11) 11111-1111,28774060244,MALE,APARTAMENTO
test,user,06724-190,testuser-30016244770@test.com,Passw0rd,(11) 11111-1111,30016244770,FEMALE,APARTAMENTO
test,user,06724-205,testuser-30037830090@test.com,Passw0rd,(11) 11111-1111,30037830090,MALE,APARTAMENTO
test,user,06724-800,testuser-30473245574@test.com,Passw0rd,(11) 11111-1111,30473245574,FEMALE,APARTAMENTO
test,user,06724-815,testuser-30480684146@test.com,Passw0rd,(11) 11111-1111,30480684146,MALE,APARTAMENTO
test,user,06725-040,testuser-31025057325@test.com,Passw0rd,(11) 11111-1111,31025057325,FEMALE,APARTAMENTO
test,user,06725-052,testuser-31068267038@test.com,Passw0rd,(11) 11111-1111,31068267038,MALE,APARTAMENTO
test,user,06725-065,testuser-31124076018@test.com,Passw0rd,(11) 11111-1111,31124076018,FEMALE,APARTAMENTO
test,user,06725-068,testuser-31314720651@test.com,Passw0rd,(11) 11111-1111,31314720651,MALE,APARTAMENTO
test,user,06725-070,testuser-31348354364@test.com,Passw0rd,(11) 11111-1111,31348354364,FEMALE,APARTAMENTO
test,user,06725-090,testuser-31658844718@test.com,Passw0rd,(11) 11111-1111,31658844718,MALE,APARTAMENTO
test,user,06725-100,testuser-31814506187@test.com,Passw0rd,(11) 11111-1111,31814506187,FEMALE,APARTAMENTO
test,user,06725-105,testuser-31850254150@test.com,Passw0rd,(11) 11111-1111,31850254150,MALE,APARTAMENTO
test,user,06725-130,testuser-31857626737@test.com,Passw0rd,(11) 11111-1111,31857626737,FEMALE,APARTAMENTO
test,user,06725-150,testuser-32083053893@test.com,Passw0rd,(11) 11111-1111,32083053893,MALE,APARTAMENTO
test,user,06725-153,testuser-32281014100@test.com,Passw0rd,(11) 11111-1111,32281014100,FEMALE,APARTAMENTO
test,user,06725-155,testuser-32438662786@test.com,Passw0rd,(11) 11111-1111,32438662786,MALE,APARTAMENTO
test,user,06725-156,testuser-32506754407@test.com,Passw0rd,(11) 11111-1111,32506754407,FEMALE,APARTAMENTO
test,user,06725-164,testuser-32564017088@test.com,Passw0rd,(11) 11111-1111,32564017088,MALE,APARTAMENTO
test,user,06725-165,testuser-32648684239@test.com,Passw0rd,(11) 11111-1111,32648684239,FEMALE,APARTAMENTO
test,user,06725-185,testuser-32741426384@test.com,Passw0rd,(11) 11111-1111,32741426384,MALE,APARTAMENTO
test,user,06725-190,testuser-32742481699@test.com,Passw0rd,(11) 11111-1111,32742481699,FEMALE,APARTAMENTO
test,user,06725-210,testuser-32754005099@test.com,Passw0rd,(11) 11111-1111,32754005099,MALE,APARTAMENTO
test,user,06725-220,testuser-32761346327@test.com,Passw0rd,(11) 11111-1111,32761346327,FEMALE,APARTAMENTO
test,user,06725-240,testuser-32775684157@test.com,Passw0rd,(11) 11111-1111,32775684157,MALE,APARTAMENTO
test,user,06725-295,testuser-32815585774@test.com,Passw0rd,(11) 11111-1111,32815585774,FEMALE,APARTAMENTO
test,user,06726-015,testuser-33084786844@test.com,Passw0rd,(11) 11111-1111,33084786844,MALE,APARTAMENTO
test,user,06726-080,testuser-33630871798@test.com,Passw0rd,(11) 11111-1111,33630871798,FEMALE,APARTAMENTO
test,user,06726-130,testuser-33737584168@test.com,Passw0rd,(11) 11111-1111,33737584168,MALE,APARTAMENTO
test,user,06726-160,testuser-33833326166@test.com,Passw0rd,(11) 11111-1111,33833326166,FEMALE,APARTAMENTO
test,user,06726-200,testuser-34000172212@test.com,Passw0rd,(11) 11111-1111,34000172212,MALE,APARTAMENTO
test,user,06726-245,testuser-34214800109@test.com,Passw0rd,(11) 11111-1111,34214800109,FEMALE,APARTAMENTO
test,user,06726-265,testuser-34215851564@test.com,Passw0rd,(11) 11111-1111,34215851564,MALE,APARTAMENTO
test,user,06726-280,testuser-34345607850@test.com,Passw0rd,(11) 11111-1111,34345607850,FEMALE,APARTAMENTO
test,user,06726-285,testuser-34407445319@test.com,Passw0rd,(11) 11111-1111,34407445319,MALE,APARTAMENTO
test,user,06726-313,testuser-34437373154@test.com,Passw0rd,(11) 11111-1111,34437373154,FEMALE,APARTAMENTO
test,user,06726-333,testuser-34457203475@test.com,Passw0rd,(11) 11111-1111,34457203475,MALE,APARTAMENTO
test,user,06726-350,testuser-34488446086@test.com,Passw0rd,(11) 11111-1111,34488446086,FEMALE,APARTAMENTO
test,user,06726-353,testuser-34623852830@test.com,Passw0rd,(11) 11111-1111,34623852830,MALE,APARTAMENTO
test,user,06726-360,testuser-34728654745@test.com,Passw0rd,(11) 11111-1111,34728654745,FEMALE,APARTAMENTO
test,user,06726-370,testuser-34818341797@test.com,Passw0rd,(11) 11111-1111,34818341797,MALE,APARTAMENTO
test,user,06726-410,testuser-34841238000@test.com,Passw0rd,(11) 11111-1111,34841238000,FEMALE,APARTAMENTO
test,user,06726-452,testuser-35077382018@test.com,Passw0rd,(11) 11111-1111,35077382018,MALE,APARTAMENTO
test,user,06726-453,testuser-35105887468@test.com,Passw0rd,(11) 11111-1111,35105887468,FEMALE,APARTAMENTO
test,user,06726-464,testuser-35280487864@test.com,Passw0rd,(11) 11111-1111,35280487864,MALE,APARTAMENTO
test,user,06726-466,testuser-35304376200@test.com,Passw0rd,(11) 11111-1111,35304376200,FEMALE,APARTAMENTO
test,user,06726-468,testuser-35371177280@test.com,Passw0rd,(11) 11111-1111,35371177280,MALE,APARTAMENTO
test,user,06726-486,testuser-35435733499@test.com,Passw0rd,(11) 11111-1111,35435733499,FEMALE,APARTAMENTO
test,user,06726-600,testuser-35537404427@test.com,Passw0rd,(11) 11111-1111,35537404427,MALE,APARTAMENTO
test,user,06726-610,testuser-35718727465@test.com,Passw0rd,(11) 11111-1111,35718727465,FEMALE,APARTAMENTO
test,user,06726-635,testuser-36010527252@test.com,Passw0rd,(11) 11111-1111,36010527252,MALE,APARTAMENTO
test,user,06726-660,testuser-36036834470@test.com,Passw0rd,(11) 11111-1111,36036834470,FEMALE,APARTAMENTO
test,user,06726-675,testuser-36243576116@test.com,Passw0rd,(11) 11111-1111,36243576116,MALE,APARTAMENTO
test,user,06727-003,testuser-36308106089@test.com,Passw0rd,(11) 11111-1111,36308106089,FEMALE,APARTAMENTO
test,user,06727-010,testuser-36600083620@test.com,Passw0rd,(11) 11111-1111,36600083620,MALE,APARTAMENTO
test,user,06727-040,testuser-36640660300@test.com,Passw0rd,(11) 11111-1111,36640660300,FEMALE,APARTAMENTO
test,user,06727-045,testuser-36763203527@test.com,Passw0rd,(11) 11111-1111,36763203527,MALE,APARTAMENTO
test,user,06727-063,testuser-37041588602@test.com,Passw0rd,(11) 11111-1111,37041588602,FEMALE,APARTAMENTO
test,user,06727-075,testuser-37125252141@test.com,Passw0rd,(11) 11111-1111,37125252141,MALE,APARTAMENTO
test,user,06727-085,testuser-37181822039@test.com,Passw0rd,(11) 11111-1111,37181822039,FEMALE,APARTAMENTO
test,user,06727-105,testuser-37231118070@test.com,Passw0rd,(11) 11111-1111,37231118070,MALE,APARTAMENTO
test,user,06727-110,testuser-37255038697@test.com,Passw0rd,(11) 11111-1111,37255038697,FEMALE,APARTAMENTO
test,user,06727-177,testuser-37362670702@test.com,Passw0rd,(11) 11111-1111,37362670702,MALE,APARTAMENTO
test,user,06727-186,testuser-37446673400@test.com,Passw0rd,(11) 11111-1111,37446673400,FEMALE,APARTAMENTO
test,user,06727-189,testuser-37534120152@test.com,Passw0rd,(11) 11111-1111,37534120152,MALE,APARTAMENTO
test,user,06727-191,testuser-37661634180@test.com,Passw0rd,(11) 11111-1111,37661634180,FEMALE,APARTAMENTO
test,user,06727-210,testuser-38136181705@test.com,Passw0rd,(11) 11111-1111,38136181705,MALE,APARTAMENTO
test,user,06727-215,testuser-38286700082@test.com,Passw0rd,(11) 11111-1111,38286700082,FEMALE,APARTAMENTO
test,user,06727-227,testuser-38700370240@test.com,Passw0rd,(11) 11111-1111,38700370240,MALE,APARTAMENTO
test,user,06727-245,testuser-40044870566@test.com,Passw0rd,(11) 11111-1111,40044870566,FEMALE,APARTAMENTO
test,user,06727-250,testuser-40207356114@test.com,Passw0rd,(11) 11111-1111,40207356114,MALE,APARTAMENTO
test,user,06727-307,testuser-40246146060@test.com,Passw0rd,(11) 11111-1111,40246146060,FEMALE,APARTAMENTO
test,user,06727-311,testuser-40457482290@test.com,Passw0rd,(11) 11111-1111,40457482290,MALE,APARTAMENTO
test,user,06727-405,testuser-40505218810@test.com,Passw0rd,(11) 11111-1111,40505218810,FEMALE,APARTAMENTO
test,user,06727-525,testuser-40520306724@test.com,Passw0rd,(11) 11111-1111,40520306724,MALE,APARTAMENTO
test,user,06727-535,testuser-40538300108@test.com,Passw0rd,(11) 11111-1111,40538300108,FEMALE,APARTAMENTO
test,user,06727-550,testuser-40671037862@test.com,Passw0rd,(11) 11111-1111,40671037862,MALE,APARTAMENTO
test,user,06727-610,testuser-40744084300@test.com,Passw0rd,(11) 11111-1111,40744084300,FEMALE,APARTAMENTO
test,user,06727-615,testuser-41015758002@test.com,Passw0rd,(11) 11111-1111,41015758002,MALE,APARTAMENTO
test,user,06728-016,testuser-41031068082@test.com,Passw0rd,(11) 11111-1111,41031068082,FEMALE,APARTAMENTO
test,user,06728-040,testuser-41154878791@test.com,Passw0rd,(11) 11111-1111,41154878791,MALE,APARTAMENTO
test,user,06728-050,testuser-41313560740@test.com,Passw0rd,(11) 11111-1111,41313560740,FEMALE,APARTAMENTO
test,user,06728-120,testuser-41533048673@test.com,Passw0rd,(11) 11111-1111,41533048673,MALE,APARTAMENTO
test,user,06728-124,testuser-41854622552@test.com,Passw0rd,(11) 11111-1111,41854622552,FEMALE,APARTAMENTO
test,user,06728-300,testuser-41856422704@test.com,Passw0rd,(11) 11111-1111,41856422704,MALE,APARTAMENTO
test,user,06728-305,testuser-42227368055@test.com,Passw0rd,(11) 11111-1111,42227368055,FEMALE,APARTAMENTO
test,user,06728-335,testuser-42308355077@test.com,Passw0rd,(11) 11111-1111,42308355077,MALE,APARTAMENTO
test,user,06728-350,testuser-42517812608@test.com,Passw0rd,(11) 11111-1111,42517812608,FEMALE,APARTAMENTO
test,user,06728-360,testuser-42547561786@test.com,Passw0rd,(11) 11111-1111,42547561786,MALE,APARTAMENTO
test,user,06728-400,testuser-42611845832@test.com,Passw0rd,(11) 11111-1111,42611845832,FEMALE,APARTAMENTO
test,user,06728-420,testuser-42777715564@test.com,Passw0rd,(11) 11111-1111,42777715564,MALE,APARTAMENTO
test,user,06728-505,testuser-43211254560@test.com,Passw0rd,(11) 11111-1111,43211254560,FEMALE,APARTAMENTO
test,user,06728-600,testuser-43350688160@test.com,Passw0rd,(11) 11111-1111,43350688160,MALE,APARTAMENTO
test,user,06728-620,testuser-43381742779@test.com,Passw0rd,(11) 11111-1111,43381742779,FEMALE,APARTAMENTO
test,user,06728-635,testuser-43511110114@test.com,Passw0rd,(11) 11111-1111,43511110114,MALE,APARTAMENTO
test,user,06728-645,testuser-43681281840@test.com,Passw0rd,(11) 11111-1111,43681281840,FEMALE,APARTAMENTO
test,user,06729-010,testuser-43750883890@test.com,Passw0rd,(11) 11111-1111,43750883890,MALE,APARTAMENTO
test,user,06729-030,testuser-43771056802@test.com,Passw0rd,(11) 11111-1111,43771056802,FEMALE,APARTAMENTO
test,user,06729-063,testuser-43804645127@test.com,Passw0rd,(11) 11111-1111,43804645127,MALE,APARTAMENTO
test,user,06729-067,testuser-44146013399@test.com,Passw0rd,(11) 11111-1111,44146013399,FEMALE,APARTAMENTO
test,user,06729-100,testuser-44378517493@test.com,Passw0rd,(11) 11111-1111,44378517493,MALE,APARTAMENTO
test,user,06729-150,testuser-44421363782@test.com,Passw0rd,(11) 11111-1111,44421363782,FEMALE,APARTAMENTO
test,user,06729-170,testuser-44508033881@test.com,Passw0rd,(11) 11111-1111,44508033881,MALE,APARTAMENTO
test,user,06729-210,testuser-44515763776@test.com,Passw0rd,(11) 11111-1111,44515763776,FEMALE,APARTAMENTO
test,user,06729-215,testuser-44543330765@test.com,Passw0rd,(11) 11111-1111,44543330765,MALE,APARTAMENTO
test,user,06729-305,testuser-44546365241@test.com,Passw0rd,(11) 11111-1111,44546365241,FEMALE,APARTAMENTO
test,user,06729-320,testuser-44567780752@test.com,Passw0rd,(11) 11111-1111,44567780752,MALE,APARTAMENTO
test,user,06729-340,testuser-44584355401@test.com,Passw0rd,(11) 11111-1111,44584355401,FEMALE,APARTAMENTO
test,user,06729-345,testuser-44805508019@test.com,Passw0rd,(11) 11111-1111,44805508019,MALE,APARTAMENTO
test,user,06729-355,testuser-44868464000@test.com,Passw0rd,(11) 11111-1111,44868464000,FEMALE,APARTAMENTO
test,user,06729-360,testuser-45011742008@test.com,Passw0rd,(11) 11111-1111,45011742008,MALE,APARTAMENTO
test,user,06729-365,testuser-45070362674@test.com,Passw0rd,(11) 11111-1111,45070362674,FEMALE,APARTAMENTO
test,user,06729-370,testuser-45320545401@test.com,Passw0rd,(11) 11111-1111,45320545401,MALE,APARTAMENTO
test,user,06729-375,testuser-45335372273@test.com,Passw0rd,(11) 11111-1111,45335372273,FEMALE,APARTAMENTO
test,user,06729-380,testuser-45443003470@test.com,Passw0rd,(11) 11111-1111,45443003470,MALE,APARTAMENTO
test,user,06729-390,testuser-45805321556@test.com,Passw0rd,(11) 11111-1111,45805321556,FEMALE,APARTAMENTO
test,user,06729-395,testuser-46076808772@test.com,Passw0rd,(11) 11111-1111,46076808772,MALE,APARTAMENTO
test,user,06729-510,testuser-46081582361@test.com,Passw0rd,(11) 11111-1111,46081582361,FEMALE,APARTAMENTO
test,user,06729-525,testuser-46174035409@test.com,Passw0rd,(11) 11111-1111,46174035409,MALE,APARTAMENTO
test,user,06729-530,testuser-46361613860@test.com,Passw0rd,(11) 11111-1111,46361613860,FEMALE,APARTAMENTO
test,user,06715-863,testuser-46416265451@test.com,Passw0rd,(11) 11111-1111,46416265451,MALE,APARTAMENTO
test,user,06715-865,testuser-46665841537@test.com,Passw0rd,(11) 11111-1111,46665841537,FEMALE,APARTAMENTO
test,user,06715-866,testuser-46808658579@test.com,Passw0rd,(11) 11111-1111,46808658579,MALE,APARTAMENTO
test,user,06716-020,testuser-47281067720@test.com,Passw0rd,(11) 11111-1111,47281067720,FEMALE,APARTAMENTO
test,user,06716-045,testuser-47434540699@test.com,Passw0rd,(11) 11111-1111,47434540699,MALE,APARTAMENTO
test,user,06716-060,testuser-47580638185@test.com,Passw0rd,(11) 11111-1111,47580638185,FEMALE,APARTAMENTO
test,user,06716-080,testuser-47810326805@test.com,Passw0rd,(11) 11111-1111,47810326805,MALE,APARTAMENTO
test,user,06716-150,testuser-48015087589@test.com,Passw0rd,(11) 11111-1111,48015087589,FEMALE,APARTAMENTO
test,user,06716-160,testuser-48051640691@test.com,Passw0rd,(11) 11111-1111,48051640691,MALE,APARTAMENTO
test,user,06716-170,testuser-48224251349@test.com,Passw0rd,(11) 11111-1111,48224251349,FEMALE,APARTAMENTO
test,user,06716-180,testuser-48367024109@test.com,Passw0rd,(11) 11111-1111,48367024109,MALE,APARTAMENTO
test,user,06716-202,testuser-48383757352@test.com,Passw0rd,(11) 11111-1111,48383757352,FEMALE,APARTAMENTO
test,user,06716-217,testuser-48532851720@test.com,Passw0rd,(11) 11111-1111,48532851720,MALE,APARTAMENTO
test,user,06716-225,testuser-48645056321@test.com,Passw0rd,(11) 11111-1111,48645056321,FEMALE,APARTAMENTO
test,user,06716-227,testuser-48822548752@test.com,Passw0rd,(11) 11111-1111,48822548752,MALE,APARTAMENTO
test,user,06716-240,testuser-48878417602@test.com,Passw0rd,(11) 11111-1111,48878417602,FEMALE,APARTAMENTO
test,user,06716-315,testuser-50178246778@test.com,Passw0rd,(11) 11111-1111,50178246778,MALE,APARTAMENTO
test,user,06716-317,testuser-50208151010@test.com,Passw0rd,(11) 11111-1111,50208151010,FEMALE,APARTAMENTO
test,user,06716-327,testuser-50265518407@test.com,Passw0rd,(11) 11111-1111,50265518407,MALE,APARTAMENTO
test,user,06716-520,testuser-50342472755@test.com,Passw0rd,(11) 11111-1111,50342472755,FEMALE,APARTAMENTO
test,user,06716-525,testuser-50353302066@test.com,Passw0rd,(11) 11111-1111,50353302066,MALE,APARTAMENTO
test,user,06716-535,testuser-50518035395@test.com,Passw0rd,(11) 11111-1111,50518035395,FEMALE,APARTAMENTO
test,user,06716-537,testuser-50573446504@test.com,Passw0rd,(11) 11111-1111,50573446504,MALE,APARTAMENTO
test,user,06716-540,testuser-50718330269@test.com,Passw0rd,(11) 11111-1111,50718330269,FEMALE,APARTAMENTO
test,user,06716-550,testuser-50758058330@test.com,Passw0rd,(11) 11111-1111,50758058330,MALE,APARTAMENTO
test,user,06716-560,testuser-50878675450@test.com,Passw0rd,(11) 11111-1111,50878675450,FEMALE,APARTAMENTO
test,user,06716-623,testuser-51103354000@test.com,Passw0rd,(11) 11111-1111,51103354000,MALE,APARTAMENTO
test,user,06716-633,testuser-51331662575@test.com,Passw0rd,(11) 11111-1111,51331662575,FEMALE,APARTAMENTO
test,user,06716-650,testuser-51374460680@test.com,Passw0rd,(11) 11111-1111,51374460680,MALE,APARTAMENTO
test,user,06716-653,testuser-51554882303@test.com,Passw0rd,(11) 11111-1111,51554882303,FEMALE,APARTAMENTO
test,user,06716-670,testuser-51747487570@test.com,Passw0rd,(11) 11111-1111,51747487570,MALE,APARTAMENTO
test,user,06716-685,testuser-51816403032@test.com,Passw0rd,(11) 11111-1111,51816403032,FEMALE,APARTAMENTO
test,user,06716-690,testuser-52001730004@test.com,Passw0rd,(11) 11111-1111,52001730004,MALE,APARTAMENTO
test,user,06716-695,testuser-52040261508@test.com,Passw0rd,(11) 11111-1111,52040261508,FEMALE,APARTAMENTO
test,user,06716-705,testuser-52111231231@test.com,Passw0rd,(11) 11111-1111,52111231231,MALE,APARTAMENTO
test,user,06716-710,testuser-52143357761@test.com,Passw0rd,(11) 11111-1111,52143357761,FEMALE,APARTAMENTO
test,user,06716-725,testuser-52278483277@test.com,Passw0rd,(11) 11111-1111,52278483277,MALE,APARTAMENTO
test,user,06716-730,testuser-52377176089@test.com,Passw0rd,(11) 11111-1111,52377176089,FEMALE,APARTAMENTO
test,user,06716-800,testuser-52383887560@test.com,Passw0rd,(11) 11111-1111,52383887560,MALE,APARTAMENTO
test,user,06717-060,testuser-52837081604@test.com,Passw0rd,(11) 11111-1111,52837081604,FEMALE,APARTAMENTO
test,user,06717-065,testuser-52861704047@test.com,Passw0rd,(11) 11111-1111,52861704047,MALE,APARTAMENTO
test,user,06717-086,testuser-53136812140@test.com,Passw0rd,(11) 11111-1111,53136812140,FEMALE,APARTAMENTO
test,user,06717-088,testuser-53335011147@test.com,Passw0rd,(11) 11111-1111,53335011147,MALE,APARTAMENTO
test,user,06717-105,testuser-53353461248@test.com,Passw0rd,(11) 11111-1111,53353461248,FEMALE,APARTAMENTO
test,user,06717-110,testuser-53406648568@test.com,Passw0rd,(11) 11111-1111,53406648568,MALE,APARTAMENTO
test,user,06717-130,testuser-53527356720@test.com,Passw0rd,(11) 11111-1111,53527356720,FEMALE,APARTAMENTO
test,user,06717-162,testuser-53741274208@test.com,Passw0rd,(11) 11111-1111,53741274208,MALE,APARTAMENTO
test,user,06717-165,testuser-54008266798@test.com,Passw0rd,(11) 11111-1111,54008266798,FEMALE,APARTAMENTO
test,user,06717-170,testuser-54037258650@test.com,Passw0rd,(11) 11111-1111,54037258650,MALE,APARTAMENTO
test,user,06717-180,testuser-54207550682@test.com,Passw0rd,(11) 11111-1111,54207550682,FEMALE,APARTAMENTO
test,user,06717-230,testuser-54208742704@test.com,Passw0rd,(11) 11111-1111,54208742704,MALE,APARTAMENTO