massas-e-sopas,
massas-prontas,
massas-prontas,
macarrao,
macarrao,
espaguete,
higiene-e-beleza,
barba,
barba,
aparelho-de-barbear,
hortifruti,
folhas-e-verduras,
folhas-e-verduras,
alface,
produtos-de-limpeza,
inseticidas,
inseticidas,
inseticida-e-refis,
para-limpeza,
para-limpeza,
cloro,
desinfetante,
limpador-multiuso,
lustra-moveis,
pedras-e-limpadores-sanitarios,
purificadores-de-ar-e-eliminadores-de-odor,
saponaceo,
para-sua-roupa,
para-sua-roupa,
amaciante,
para-louca,
para-louca,
esponja-para-louca,
biscoitos-e-salgadinhos,
biscoitos,
biscoitos,
biscoito-multigraos,
bebidas,
vinhos-e-champagnes,
vinhos-e-champagnes,
vinho,
espumantes-e-champagne,
destilados,
destilados,
whisky,
vodka,
cachaca,
saque,
aperitivos-e-coqueteis-alcoolicos,
sucos-e-refrescos,
sucos-e-refrescos,
agua-de-coco,
refrigerantes,
agua,
agua,
agua-mineral,
cervejas,
cervejas,
cerveja,
energeticos,
energeticos,
fusion